,index,trial,generated_id,smiles,reward,depth,elapsed_time,is_through_filter,SINCHO_MW,SINCHO_LogP,canonical_smiles,MW,LogP,donor,acceptor,Choice_idx
0,0,2,10761,N(C(=O)c1nnc2ccccc2c1N)c1ncc2CN(C)C(C)CC2(C)C1=O,1.0,41,168.3,1,190.110613068,1.2263000000000002,CC1CC2(C)C(=O)C(NC(=O)c3nnc4ccccc4c3N)=NC=C2CN1C,378.180423944,1.5372,3,8,0
1,1,2,5233,N(C(=O)c1nnc2ccccc2c1N)c1ncc2COC2Cc2c1N(CC)CC2,1.0,39,85.3,1,202.110613068,1.695500000000001,CCN1CCC2=C1C(NC(=O)c1nnc3ccccc3c1N)=NC=C1COC1C2,390.180423944,2.0064000000000006,3,8,1
2,2,1,5177,N(C(=O)c1nnc2ccccc2c1N)c1ncc2CN(C)CCOc2c1F,1.0,40,93.4,1,180.06989112800002,1.5117000000000005,CN1CCOc2c(cnc(NC(=O)c3nnc4ccccc4c3N)c2F)C1,368.139702004,1.8226,3,8,2
3,3,3,10843,N(C(=O)c1nnc2ccccc2c1N)c1ncc2COC2Cc2c1n2CCOC,1.0,43,178.5,1,204.089877624,0.8894000000000003,COCCN1C2=C1C(NC(=O)c1nnc3ccccc3c1N)=NC=C1COC1C2,392.15968849999996,1.2003000000000001,3,9,3
4,4,2,8827,N(C(=O)c1nnc2ccccc2c1N)c1ncc2COC2Cc2c1N(C2)C(C)C,1.0,43,141.2,1,202.110613068,1.6939000000000006,CC(C)N1CC2=C1C(NC(=O)c1nnc3ccccc3c1N)=NC=C1COC1C2,390.180423944,2.0048000000000004,3,8,4
5,5,2,6796,N(C(=O)c1nnc2ccccc2c1N)c1ncc2COC2Cc2c1CCN(C2)C,1.0,41,112.2,1,202.110613068,1.3479,CN1CCC2=C(CC3OCC3=CN=C2NC(=O)c2nnc3ccccc3c2N)C1,390.180423944,1.6588,3,8,5
6,6,2,5264,N(C(=O)c1nnc2ccccc2c1N)c1ncc2COC2Cc2ccc(nc12)C,1.0,39,85.5,1,198.07931294,1.6199200000000005,Cc1ccc2c(n1)C(NC(=O)c1nnc3ccccc3c1N)=NC=C1COC1C2,386.149123816,1.9308200000000002,3,8,6
7,7,1,8839,N(C(=O)c1nnc2ccccc2c1N)c1ncc2CCN(C(=O)c2c1)CC,1.0,36,159.0,1,174.07931294,1.5666000000000002,CCN1CCc2cnc(NC(=O)c3nnc4ccccc4c3N)cc2C1=O,362.149123816,1.8775,3,8,7
8,8,2,6631,N(C(=O)c1nnc2ccccc2c1N)c1ncc2COC2CCc2c1cncc2,1.0,38,110.0,1,198.07931294,1.7016000000000004,Nc1c(C(=O)NC2=NC=C3COC3CCc3ccncc32)nnc2ccccc12,386.149123816,2.0125,3,8,8
9,9,1,422,N(C(=O)c1nnc2ccccc2c1N)C1CCN(CCCN(C)C)CC1,1.0,28,7.7,1,168.16264864,1.0470000000000002,CN(C)CCCN1CCC(NC(=O)c2nnc3ccccc3c2N)CC1,356.232459516,1.3578999999999999,3,7,9
10,10,1,5282,N(C(=O)c1nnc2ccccc2c1N)c1ncc2CC(=O)N(c2c1OC)C,1.0,38,95.0,1,176.05857749599997,1.0759,COc1c(NC(=O)c2nnc3ccccc3c2N)ncc2c1N(C)C(=O)C2,364.12838837199996,1.3867999999999998,3,9,10
11,11,2,387,N(C(=O)c1nnc2ccccc2c1N)c1c(N(C)S(=O)(=O)C)cccc1,1.0,28,7.2,1,183.035399528,1.5492000000000004,CN(c1ccccc1NC(=O)c1nnc2ccccc2c1N)S(C)(=O)=O,371.105210404,1.8601,3,8,11
12,12,3,3751,N(C(=O)c1nnc2ccccc2c1N)c1ncc2CN(C)CCN=C\c2c1,1.0,40,63.1,1,173.09529735200007,1.4127,CN1CCN=Cc2cc(NC(=O)c3nnc4ccccc4c3N)ncc2C1,361.16510822800007,1.7236,3,8,12
13,13,2,7201,N(C(=O)c1nnc2ccccc2c1N)c1ncc2COC2Cc2c1OCOCC2,1.0,42,118.9,1,205.073893212,1.3643000000000003,Nc1c(C(=O)NC2=NC=C3COC3CC3=C2OCOCC3)nnc2ccccc12,393.14370408799994,1.6752000000000005,3,9,13
14,14,2,10654,N(C(=O)c1nnc2ccccc2c1N)c1ncc2CCCN(c2c1)C(=O)C,1.0,37,165.7,1,174.07931294,1.8475000000000008,CC(=O)N1CCCc2cnc(NC(=O)c3nnc4ccccc4c3N)cc21,362.149123816,2.1584000000000003,3,8,14
15,15,4,3886,N(C(=O)c1nnc2ccccc2c1N)c1ncc2CN(C(=O)C(C)(C)[C@@H]2CC1)C,1.0,45,60.7,1,204.126263132,1.8215000000000008,CN1CC2=CN=C(NC(=O)c3nnc4ccccc4c3N)CC[C@H]2C(C)(C)C1=O,392.196074008,2.1324000000000005,3,8,15
16,16,2,5768,N(C(=O)c1nnc2ccccc2c1N)c1ncc2COC2Cc2c1CN2C,1.0,41,95.1,1,174.07931294,0.9153000000000004,CN1CC2=C1CC1OCC1=CN=C2NC(=O)c1nnc2ccccc2c1N,362.149123816,1.2262000000000002,3,8,16
17,17,4,5264,N(C(=O)c1nnc2ccccc2c1N)c1ncc2CC(=O)CN(C)Cc2c1C,1.0,37,83.8,1,188.094963004,1.41382,Cc1c(NC(=O)c2nnc3ccccc3c2N)ncc2c1CN(C)CC(=O)C2,376.16477388,1.7247199999999998,3,8,17
18,18,3,7945,N(C(=O)c1nnc2ccccc2c1N)c1ncc2COC2Cc2c1n2CC(C)C,1.0,42,131.4,1,202.110613068,1.8990000000000005,CC(C)CN1C2=C1C(NC(=O)c1nnc3ccccc3c1N)=NC=C1COC1C2,390.180423944,2.2099,3,8,18
19,19,2,6444,N(C(=O)c1nnc2ccccc2c1N)c1ncc2COC2(CC(O)C)cc1,1.0,38,106.0,1,177.07897859199997,1.0230000000000006,CC(O)CC12C=CC(NC(=O)c3nnc4ccccc4c3N)=NC=C1CO2,365.14878946799996,1.3339000000000003,4,8,19
20,20,2,6718,N(C(=O)c1nnc2ccccc2c1N)c1ncc2COC2Cc2c1NCC(C)C2,1.0,42,111.5,1,202.110613068,1.5993,CC1CNC2=C(C1)CC1OCC1=CN=C2NC(=O)c1nnc2ccccc2c1N,390.180423944,1.9102,4,8,20
21,21,1,3968,N(C(=O)c1nnc2ccccc2c1N)c1ncc2C(F)(CN(C)C)Cc2c1,1.0,37,70.5,1,178.09062657200005,1.8309,CN(C)CC1(F)Cc2cc(NC(=O)c3nnc4ccccc4c3N)ncc21,366.16043744800004,2.1418,3,7,21
22,22,2,7287,N(C(=O)c1nnc2ccccc2c1N)c1ncc2COC(C)(CC12COC)C,1.0,40,119.4,1,193.11027872,1.7586000000000004,COCC12CC(C)(C)OCC1=CN=C2NC(=O)c1nnc2ccccc2c1N,381.18008959599996,2.0695,3,8,22
23,23,2,5206,N(C(=O)c1nnc2ccccc2c1N)c1ncc2COC2Cc2c1COC2,1.0,37,84.4,1,175.06332852799997,1.0426000000000006,Nc1c(C(=O)NC2=NC=C3COC3CC3=C2COC3)nnc2ccccc12,363.13313940399996,1.3535000000000004,3,8,23
24,24,3,5444,N(C(=O)c1nnc2ccccc2c1N)c1ncc2C(COCS1)C(=O)C2,1.0,36,90.3,1,181.019749464,1.1807000000000003,Nc1c(C(=O)NC2=NC=C3CC(=O)C3COCS2)nnc2ccccc12,369.08956033999993,1.4916000000000003,3,8,24
25,25,3,8876,N(C(=O)c1nnc2ccccc2c1N)c1ncc2COC2Cc2c1N=CC2,1.0,43,147.8,1,172.063662876,1.4444000000000004,Nc1c(C(=O)NC2=NC=C3COC3CC3=C2N=CC3)nnc2ccccc12,360.133473752,1.7553000000000003,3,8,25
26,26,4,402,N(C(=O)c1nnc2ccccc2c1N)c1cncc(c1)N1CCN(C)CC1,1.0,28,7.1,1,175.11094741600007,1.3002000000000002,CN1CCN(c2cncc(NC(=O)c3nnc4ccccc4c3N)c2)CC1,363.18075829200006,1.6111,3,8,26
27,27,4,9797,N(C(=O)c1nnc2ccccc2c1N)c1ncc2CN(CC)CC(=O)c2c1F,1.0,39,156.6,1,192.069891128,1.7057000000000002,CCN1CC(=O)c2c(cnc(NC(=O)c3nnc4ccccc4c3N)c2F)C1,380.139702004,2.0166,3,8,27
28,28,1,7657,N(C(=O)c1nnc2ccccc2c1N)c1ncc2OCN(CCCn2c1=C)C,1.0,37,139.3,1,191.1058620360001,0.9672000000000002,C=C1C(NC(=O)c2nnc3ccccc3c2N)=NC=C2OCN(C)CCCN12,379.1756729120001,1.2781,3,9,28
29,29,4,8410,N(C(=O)c1nnc2ccccc2c1N)c1ncc2CN(C)C(=O)CCCn12,1.0,42,132.9,1,177.09021197200005,1.1021,CN1Cc2cnc(NC(=O)c3nnc4ccccc4c3N)n2CCCC1=O,365.16002284800004,1.413,3,9,29
30,30,2,7353,N(C(=O)c1nnc2ccccc2c1N)c1ncc2CC(=O)CCN(C)c2c1,1.0,38,119.9,1,174.07931294,1.4998999999999998,CN1CCC(=O)Cc2cnc(NC(=O)c3nnc4ccccc4c3N)cc21,362.149123816,1.8107999999999997,3,8,30
31,31,3,7635,N(C(=O)c1nnc2ccccc2c1N)c1ncc2COC2Cc2c1nccc2,1.0,38,126.3,1,184.063662876,1.3115,Nc1c(C(=O)NC2=NC=C3COC3Cc3cccnc32)nnc2ccccc12,372.133473752,1.6224,3,8,31
32,32,1,781,N(C(=O)c1nnc2ccccc2c1N)c1ncc2C(CCN(C)Cc2n1)C,1.0,33,15.0,1,175.11094741600007,1.8824,CC1CCN(C)Cc2nc(NC(=O)c3nnc4ccccc4c3N)ncc21,363.18075829200006,2.1933,3,8,32
33,33,1,6421,N(C(=O)c1nnc2ccccc2c1N)c1ncc2CN(CC(C)C)c(c2c1=O)C,1.0,41,116.0,1,202.110613068,1.7416000000000005,CC1=C2C(=O)C(NC(=O)c3nnc4ccccc4c3N)=NC=C2CN1CC(C)C,390.180423944,2.0525,3,8,33
34,34,2,2962,N(C(=O)c1nnc2ccccc2c1N)c1ncc2OCOC2(CCC)CC1=O,1.0,35,48.7,1,193.073893212,1.3868,CCCC12CC(=O)C(NC(=O)c3nnc4ccccc4c3N)=NC=C1OCO2,381.143704088,1.6977,3,9,34
35,35,1,4689,N(C(=O)c1nnc2ccccc2c1N)c1ncc2CN(C)C(=O)CCc2c1,1.0,41,84.7,1,174.07931294,1.4530000000000003,CN1Cc2cnc(NC(=O)c3nnc4ccccc4c3N)cc2CCC1=O,362.149123816,1.7639,3,8,35
36,36,4,9792,N(C(=O)c1nnc2ccccc2c1N)c1ncc2CN(CC)CC(c2n1)C,1.0,39,156.6,1,175.11094741600007,1.8824,CCN1Cc2cnc(NC(=O)c3nnc4ccccc4c3N)nc2C(C)C1,363.18075829200006,2.1933,3,8,36
37,37,4,5169,N(C(=O)c1nnc2ccccc2c1N)c1ncc2CN(CCN(CC)CCc2c1)C,1.0,40,82.4,1,217.15789760800007,1.8582,CCN1CCc2cc(NC(=O)c3nnc4ccccc4c3N)ncc2CN(C)CC1,405.22770848400006,2.1690999999999994,3,8,37
38,38,3,10645,N(C(=O)c1nnc2ccccc2c1N)c1ncc2CN(C)C(C)(COC)Cc2c1,1.0,42,174.7,1,204.126263132,1.9414,COCC1(C)Cc2cc(NC(=O)c3nnc4ccccc4c3N)ncc2CN1C,392.196074008,2.2523,3,8,38
39,39,2,263,N(C(=O)c1nnc2ccccc2c1N)CC(=O)c1n(C)c2c(n1)CCCC2,1.0,26,5.0,1,176.09496300400005,1.1260999999999997,Cn1c(C(=O)CNC(=O)c2nnc3ccccc3c2N)nc2c1CCCC2,364.16477388000004,1.4369999999999996,3,8,39
40,40,1,9791,N(C(=O)c1nnc2ccccc2c1N)c1ncc2C(F)(CN(C)C)Cc2n1,1.0,38,173.0,1,179.08587554000005,1.2259000000000002,CN(C)CC1(F)Cc2nc(NC(=O)c3nnc4ccccc4c3N)ncc21,367.15568641600004,1.5368,3,8,40
41,41,3,2710,N(C(=O)c1nnc2ccccc2c1N)c1ncc2CN(CCN(C)Cc2c1)CC,1.0,37,42.7,1,203.14224754400007,1.8157,CCN1CCN(C)Cc2cc(NC(=O)c3nnc4ccccc4c3N)ncc2C1,391.21205842000006,2.1266,3,8,41
42,42,1,1777,N(C(=O)c1nnc2ccccc2c1N)c1ncc2CN(CCc2n1)CC1CC1,1.0,36,32.8,1,187.11094741600007,1.7115,Nc1c(C(=O)Nc2ncc3c(n2)CCN(CC2CC2)C3)nnc2ccccc12,375.18075829200006,2.0223999999999998,3,8,42
43,43,4,2448,N(C(=O)c1nnc2ccccc2c1N)c1ncc2CN(CCCN2CCCC1)C,1.0,37,40.0,1,205.15789760800007,1.6922,CN1CCCN2CCCCC(NC(=O)c3nnc4ccccc4c3N)=NC=C2C1,393.22770848400006,2.0031,3,8,43
44,44,3,8927,N(C(=O)c1nnc2ccccc2c1N)c1ncc2COC2Cc2c1CCOCC2,1.0,41,148.5,1,203.094628656,1.8228000000000004,Nc1c(C(=O)NC2=NC=C3COC3CC3=C2CCOCC3)nnc2ccccc12,391.16443953199996,2.1337,3,8,44
45,45,4,9847,N(C(=O)c1nnc2ccccc2c1N)c1ncc2CN(CC)C(C)C(=O)c2c1,1.0,41,158.2,1,188.094963004,1.9551000000000005,CCN1Cc2cnc(NC(=O)c3nnc4ccccc4c3N)cc2C(=O)C1C,376.16477388,2.266,3,8,45
46,46,4,9758,N(C(=O)c1nnc2ccccc2c1N)c1ncc2CN(CC)C(C)Cc2n1,1.0,40,155.4,1,175.11094741600007,1.7099000000000002,CCN1Cc2cnc(NC(=O)c3nnc4ccccc4c3N)nc2CC1C,363.18075829200006,2.0208,3,8,46
47,47,3,6113,N(C(=O)c1nnc2ccccc2c1N)c1ncc2CN(C(=O)C(C)C)c(=O)n2C1,1.0,46,101.1,1,205.085126592,0.8046000000000003,CC(C)C(=O)N1CC2=CN=C(NC(=O)c3nnc4ccccc4c3N)CN2C1=O,393.154937468,1.1155000000000002,3,10,47
48,48,4,5003,N(C(=O)c1nnc2ccccc2c1N)c1ncc2CN(CCCN2CCC(=O)C)CC1,1.0,41,79.3,1,233.15281222800004,1.2613000000000003,CC(=O)CCN1CCCN2CCC(NC(=O)c3nnc4ccccc4c3N)=NC=C1C2,421.22262310400004,1.5722,3,9,48
49,49,3,3265,N(C(=O)c1nnc2ccccc2c1N)c1ncc2CN(CCN2CCOCC1)C(=O)C,1.0,39,54.4,1,235.132076784,0.4551999999999999,CC(=O)N1CCN2CCOCCC(NC(=O)c3nnc4ccccc4c3N)=NC=C2C1,423.20188766,0.7660999999999998,3,10,49
50,50,4,5544,N(C(=O)c1nnc2ccccc2c1N)c1ncc2CCNCCC12COCC,1.0,38,85.9,1,192.126263132,1.3332000000000002,CCOCC12CCNCCC1=CN=C2NC(=O)c1nnc2ccccc2c1N,380.196074008,1.6441,4,8,50
51,51,2,4969,N(C(=O)c1nnc2ccccc2c1N)c1ncc2CN(C)CCC(F)(F)Cn12,1.0,39,80.3,1,199.09210379200007,1.8207,CN1CCC(F)(F)Cn2c(cnc2NC(=O)c2nnc3ccccc3c2N)C1,387.16191466800007,2.1315999999999997,3,8,51
52,52,4,7069,N(C(=O)c1nnc2ccccc2c1N)c1ncc2CN(CCC)c3nc(cc3c12)CN,1.0,38,111.9,1,226.12184644800007,1.2038000000000002,CCCN1CC2=CN=C(NC(=O)c3nnc4ccccc4c3N)C2=C2C=C(CN)N=C21,414.19165732400006,1.5147000000000002,5,9,52
53,53,2,6174,N(C(=O)c1nnc2ccccc2c1N)c1ncc2COC2Cc2c1c(OC)c(C)n2C,1.0,41,101.0,1,230.105527688,1.5720200000000002,COc1c2c(n(C)c1C)CC1OCC1=CN=C2NC(=O)c1nnc2ccccc2c1N,418.17533856399996,1.8829200000000001,3,9,53
54,54,2,11203,N(C(=O)c1nnc2ccccc2c1N)c1ncc2COC2Cc2c1CN(CC)C2,1.0,43,173.8,1,202.110613068,1.3479,CCN1CC2=C(C1)C(NC(=O)c1nnc3ccccc3c1N)=NC=C1COC1C2,390.180423944,1.6588,3,8,54
55,55,3,2048,N(C(=O)c1nnc2ccccc2c1N)c1ncc2OCN(C)CCc2c1C,1.0,37,30.7,1,176.09496300400005,1.6810200000000002,Cc1c(NC(=O)c2nnc3ccccc3c2N)ncc2c1CCN(C)CO2,364.16477388000004,1.99192,3,8,55
56,56,3,2819,N(C(=O)c1nnc2ccccc2c1N)c1ncc2CN(C(=O)C2)c2ccccc12,1.0,41,45.4,1,196.063662876,1.7119000000000004,Nc1c(C(=O)NC2=NC=C3CC(=O)N(C3)c3ccccc32)nnc2ccccc12,384.133473752,2.0228,3,8,56
57,57,3,7764,N(C(=O)c1nnc2ccccc2c1N)c1ncc2COC2Cc2c1c(n2C)(C)C,1.0,40,128.4,1,202.110613068,1.6939000000000006,CN1C2=C(C(NC(=O)c3nnc4ccccc4c3N)=NC=C3COC3C2)C1(C)C,390.180423944,2.0048000000000004,3,8,57
58,58,1,4955,N(C(=O)c1nnc2ccccc2c1N)c1ncc2OCCN(CCCc2c1)C,1.0,37,89.7,1,190.11061306800005,1.8052,CN1CCCc2cc(NC(=O)c3nnc4ccccc4c3N)ncc2OCC1,378.18042394400004,2.1160999999999994,3,8,58
59,59,1,6149,N(C(=O)c1nnc2ccccc2c1N)c1ncc2CN(CCCc2c1OC)C,1.0,39,111.4,1,190.110613068,1.935,COc1c(NC(=O)c2nnc3ccccc3c2N)ncc2c1CCCN(C)C2,378.180423944,2.2459,3,8,59
60,60,1,9430,N(C(=O)c1nnc2ccccc2c1N)c1ncc2CCN(C)CC=COc2c1,1.0,40,166.9,1,188.094963004,1.9288000000000003,CN1CC=COc2cc(NC(=O)c3nnc4ccccc4c3N)ncc2CC1,376.16477388,2.2397,3,8,60
61,61,3,8687,N(C(=O)c1nnc2ccccc2c1N)c1ncc2COC2Cc2c1COCCC2,1.0,42,144.2,1,203.094628656,1.8228000000000004,Nc1c(C(=O)NC2=NC=C3COC3CC3=C2COCCC3)nnc2ccccc12,391.16443953199996,2.1337,3,8,61
62,62,3,7696,N(C(=O)c1nnc2ccccc2c1N)c1ncc2COC2Cc2c1N(C)C(=O)CO2,1.0,40,127.5,1,218.06914218,0.4160000000000002,CN1C(=O)COC2=C1C(NC(=O)c1nnc3ccccc3c1N)=NC=C1COC1C2,406.13895305599993,0.7269000000000001,3,10,62
63,63,3,3716,N(C(=O)c1nnc2ccccc2c1N)c1ncc2CN(C)CCN=C(c2c1)C,1.0,39,62.5,1,187.11094741600007,1.8028,CC1=NCCN(C)Cc2cnc(NC(=O)c3nnc4ccccc4c3N)cc21,375.18075829200006,2.1136999999999997,3,8,63
64,64,1,5078,N(C(=O)c1nnc2ccccc2c1N)c1ncc2C(F)C(N(C)Cc2n1)C,1.0,36,91.9,1,179.08587554000005,1.7879,CC1C(F)c2cnc(NC(=O)c3nnc4ccccc4c3N)nc2CN1C,367.15568641600004,2.0987999999999998,3,8,64
65,65,4,1797,N(C(=O)c1nnc2ccccc2c1N)c1ncc2CN(CCN2CCCC1)C(=O)C,1.0,38,28.5,1,219.13716216400005,1.2188000000000003,CC(=O)N1CCN2CCCCC(NC(=O)c3nnc4ccccc4c3N)=NC=C2C1,407.20697304000004,1.5297,3,9,65
66,66,3,3259,N(C(=O)c1nnc2ccccc2c1N)c1ncc2CN(CCCCn12)C(=O)C,1.0,37,54.2,1,191.10586203600005,1.4922,CC(=O)N1CCCCn2c(cnc2NC(=O)c2nnc3ccccc3c2N)C1,379.17567291200004,1.8030999999999997,3,9,66
67,67,2,6511,N(C(=O)c1nnc2ccccc2c1N)c1ncc2COC2(CC=N)OCC1,1.0,40,107.6,1,178.07422755999997,1.0997700000000004,N=CCC12OCCC(NC(=O)c3nnc4ccccc4c3N)=NC=C1CO2,366.14403843599996,1.4106700000000003,4,9,67
68,68,2,7839,N(C(=O)c1nnc2ccccc2c1N)c1ncc2COC2Cc2c1C(CN(C)C)CC2,1.0,42,125.7,1,230.141913196,1.9840000000000004,CN(C)CC1CCC2=C1C(NC(=O)c1nnc3ccccc3c1N)=NC=C1COC1C2,418.211724072,2.2949,3,8,68
69,69,1,8792,N(C(=O)c1nnc2ccccc2c1N)c1ncc2CCN(C)CCc2c1C,1.0,37,158.3,1,174.11569844800002,1.88722,Cc1c(NC(=O)c2nnc3ccccc3c2N)ncc2c1CCN(C)CC2,362.185509324,2.1981199999999994,3,7,69
70,70,1,8041,N(C(=O)c1nnc2ccccc2c1N)c1ncc2CC(=O)N(Cc2c1C)C,1.0,40,146.7,1,174.07931294,1.37132,Cc1c(NC(=O)c2nnc3ccccc3c2N)ncc2c1CN(C)C(=O)C2,362.149123816,1.6822199999999998,3,8,70
71,71,2,9005,N(C(=O)c1nnc2ccccc2c1N)c1ncc2COC2Cc2c1OCOC(C2)C,1.0,44,143.9,1,219.089543276,1.7528000000000006,CC1CC2=C(OCO1)C(NC(=O)c1nnc3ccccc3c1N)=NC=C1COC1C2,407.15935415199993,2.0637000000000003,3,9,71
72,72,3,6339,N(C(=O)c1nnc2ccccc2c1N)c1ncc2C(COCOn12)C(C)C,1.0,36,105.0,1,180.08987762399997,1.5058000000000002,CC(C)C1COCOn2c1cnc2NC(=O)c1nnc2ccccc2c1N,368.15968849999996,1.8167,3,9,72
73,73,1,8831,N(C(=O)c1nnc2ccccc2c1N)c1ncc2CCN(C)CC=C\c2n1,1.0,38,158.9,1,173.09529735200007,1.4445,CN1CC=Cc2nc(NC(=O)c3nnc4ccccc4c3N)ncc2CC1,361.16510822800007,1.7553999999999998,3,8,73
74,74,4,9950,N(C(=O)c1nnc2ccccc2c1N)c1ncc2CN(CC)OCCC2CC1,1.0,41,158.6,1,192.126263132,1.9805000000000008,CCN1CC2=CN=C(NC(=O)c3nnc4ccccc4c3N)CCC2CCO1,380.196074008,2.2914000000000003,3,8,74
75,75,1,6113,N(C(=O)c1nnc2ccccc2c1N)c1ncc2CN(CC)CCN(C)c2c1,1.0,38,111.3,1,189.12659748000007,1.8201000000000005,CCN1CCN(C)c2cc(NC(=O)c3nnc4ccccc4c3N)ncc2C1,377.19640835600006,2.1310000000000002,3,8,75
76,76,2,6425,N(C(=O)c1nnc2ccccc2c1N)c1ncc2COC2(CC=N)CCC1=O,1.0,38,105.4,1,190.07422756,1.0848700000000004,N=CCC12CCC(=O)C(NC(=O)c3nnc4ccccc4c3N)=NC=C1CO2,378.14403843599996,1.3957700000000004,4,9,76
77,77,2,10952,N(C(=O)c1nnc2ccccc2c1N)c1ncc2COC2Cc2c1N(CC1CCOCC1)C2,1.0,43,170.5,1,258.13682781599994,1.7121000000000008,Nc1c(C(=O)NC2=NC=C3COC3CC3=C2N(CC2CCOCC2)C3)nnc2ccccc12,446.20663869199996,2.0230000000000006,3,9,77
78,78,4,2100,N(C(=O)c1nnc2ccccc2c1N)c1ncc2CN(CCN2CCOC)CC1,1.0,39,34.0,1,207.13716216400005,0.5385000000000003,COCCN1CCN2CCC(NC(=O)c3nnc4ccccc4c3N)=NC=C1C2,395.20697304000004,0.8494000000000002,3,9,78
79,79,2,5568,N(C(=O)c1nnc2ccccc2c1N)c1ncc2COC2Cc2c1N=C2CCOC,1.0,41,91.6,1,216.089877624,1.4610000000000003,COCCC1=NC2=C1CC1OCC1=CN=C2NC(=O)c1nnc2ccccc2c1N,404.15968849999996,1.7719,3,9,79
80,80,2,8823,N(C(=O)c1nnc2ccccc2c1N)c1ncc2COC2Cc2c1N(C2(C)C)C,1.0,43,141.2,1,202.110613068,1.6939000000000006,CN1C2=C(CC3OCC3=CN=C2NC(=O)c2nnc3ccccc3c2N)C1(C)C,390.180423944,2.0048000000000004,3,8,80
81,81,4,8529,N(C(=O)c1nnc2ccccc2c1N)c1ncc2CN(C)C(C)COC12CCC,1.0,42,135.4,1,206.141913196,1.8163000000000005,CCCC12OCC(C)N(C)CC1=CN=C2NC(=O)c1nnc2ccccc2c1N,394.211724072,2.1272,3,8,81
82,82,4,6902,N(C(=O)c1nnc2ccccc2c1N)c1ncc2CN(CCN2CCCOC)CC1,1.0,40,108.5,1,221.15281222800004,0.9286,COCCCN1CCN2CCC(NC(=O)c3nnc4ccccc4c3N)=NC=C1C2,409.22262310400004,1.2394999999999998,3,9,82
83,83,2,7832,N(C(=O)c1nnc2ccccc2c1N)c1ncc2COC2Cc2c1C(CN(C)C)2,1.0,42,125.7,1,202.110613068,1.2038000000000002,CN(C)CC1C2=C1C(NC(=O)c1nnc3ccccc3c1N)=NC=C1COC1C2,390.180423944,1.5147000000000002,3,8,83
84,84,4,6568,N(C(=O)c1nnc2ccccc2c1N)c1ncc2CN(C)C(=O)C3(C)CCc3c2C1,1.0,41,103.4,1,214.110613068,1.8857000000000004,CN1CC2=CN=C(NC(=O)c3nnc4ccccc4c3N)CC2=C2CCC2(C)C1=O,402.180423944,2.1966,3,8,84
85,85,1,8631,N(C(=O)c1nnc2ccccc2c1N)c1ncc2CN(C)C(C)COC2(C)C1,1.0,42,156.2,1,192.126263132,1.4262,CC1COC2(C)CC(NC(=O)c3nnc4ccccc4c3N)=NC=C2CN1C,380.196074008,1.7371,3,8,85
86,86,2,6712,N(C(=O)c1nnc2ccccc2c1N)c1ncc2COC2Cc2c1NCCS2,1.0,42,111.5,1,206.05138394,1.2638000000000005,Nc1c(C(=O)NC2=NC=C3COC3CC3=C2NCCS3)nnc2ccccc12,394.121194816,1.5747000000000002,4,8,86
87,87,2,3686,N(C(=O)c1nnc2ccccc2c1N)c1ncc2OCOC2(CC(C)(C)O)CC1,1.0,37,60.8,1,209.10519334,1.5687000000000002,CC(C)(O)CC12CCC(NC(=O)c3nnc4ccccc4c3N)=NC=C1OCO2,397.175004216,1.8796000000000002,4,9,87
88,88,2,7780,N(C(=O)c1nnc2ccccc2c1N)c1ncc2COC2Cc2c1OCOC(F)(F)C2,1.0,43,124.7,1,241.05504958799995,1.957100000000001,Nc1c(C(=O)NC2=NC=C3COC3CC3=C2OCOC(F)(F)C3)nnc2ccccc12,429.12486046399994,2.2680000000000007,3,9,88
89,89,4,2106,N(C(=O)c1nnc2ccccc2c1N)c1ncc2CN(CCN2CCCC1)S(=O)(=O)C,1.0,39,34.0,1,255.10414778400005,0.6319,CS(=O)(=O)N1CCN2CCCCC(NC(=O)c3nnc4ccccc4c3N)=NC=C2C1,443.17395866000004,0.9427999999999999,3,10,89
90,90,2,1217,N(C(=O)c1nnc2ccccc2c1N)c1ncc2OCN(C(=O)c2c1)C(C)C,1.0,35,20.3,1,190.07422756000005,1.7489000000000003,CC(C)N1COc2cnc(NC(=O)c3nnc4ccccc4c3N)cc2C1=O,378.144038436,2.0598,3,9,90
91,91,2,7632,N(C(=O)c1nnc2ccccc2c1N)c1ncc2COC2Cc2c1OCCN2C,1.0,43,122.5,1,204.089877624,0.8894000000000003,CN1CCOC2=C1CC1OCC1=CN=C2NC(=O)c1nnc2ccccc2c1N,392.15968849999996,1.2003000000000001,3,9,91
92,92,4,9801,N(C(=O)c1nnc2ccccc2c1N)c1ncc2CN(CC)CC(F)(F)C12,1.0,39,156.6,1,184.08120476,1.5139000000000005,CCN1CC2=CN=C(NC(=O)c3nnc4ccccc4c3N)C2C(F)(F)C1,372.151015636,1.8248000000000002,3,7,92
93,93,3,10387,N(C(=O)c1nnc2ccccc2c1N)c1ncc2COC2CCc2c1nccc2,1.0,40,170.1,1,198.07931294,1.7016000000000004,Nc1c(C(=O)NC2=NC=C3COC3CCc3cccnc32)nnc2ccccc12,386.149123816,2.0125,3,8,93
94,94,2,7222,N(C(=O)c1nnc2ccccc2c1N)c1ncc2COC2Cc2c1COCC2,1.0,41,119.0,1,189.078978592,1.4327000000000003,Nc1c(C(=O)NC2=NC=C3COC3CC3=C2COCC3)nnc2ccccc12,377.14878946799996,1.7436000000000003,3,8,94
95,95,3,10017,N(C(=O)c1nnc2ccccc2c1N)c1ncc2COC2Cc2c1C(C1CC1)=N2,1.0,42,163.1,1,198.07931294,1.834500000000001,Nc1c(C(=O)NC2=NC=C3COC3CC3=C2C(C2CC2)=N3)nnc2ccccc12,386.149123816,2.1454000000000004,3,8,95
96,96,4,9701,N(C(=O)c1nnc2ccccc2c1N)c1ncc2CN(CC)CCN(C)Cn12,1.0,39,154.4,1,192.13749651200007,1.0746999999999995,CCN1CCN(C)Cn2c(cnc2NC(=O)c2nnc3ccccc3c2N)C1,380.20730738800006,1.3855999999999995,3,9,96
97,97,2,862,N(C(=O)c1nnc2ccccc2c1N)c1nc(=O)c2c(s1)CCN(C2)C,1.0,34,15.3,1,180.03573387600008,0.958,CN1CCc2sc(NC(=O)c3nnc4ccccc4c3N)nc(=O)c2C1,368.10554475200007,1.2689,3,8,97
98,98,2,5850,N(C(=O)c1nnc2ccccc2c1N)c1ncc2COC2Cc2c1N(C2CCOC)C,1.0,42,96.5,1,232.121177752,1.3204000000000002,COCCC1C2=C(C(NC(=O)c3nnc4ccccc4c3N)=NC=C3COC3C2)N1C,420.19098862799996,1.6313000000000002,3,9,98
99,99,1,3634,N(C(=O)c1nnc2ccccc2c1N)c1ncc2COCCC(F)(F)Cn12,1.0,36,64.3,1,186.060469316,1.9055000000000004,Nc1c(C(=O)Nc2ncc3n2CC(F)(F)CCOC3)nnc2ccccc12,374.130280192,2.2164,3,8,99
100,100,1,1710,N(C(=O)c1nnc2ccccc2c1N)c1ncc2CN(CCCOc2c1)C,1.0,36,31.8,1,176.094963004,1.7627000000000002,CN1CCCOc2cc(NC(=O)c3nnc4ccccc4c3N)ncc2C1,364.16477388,2.0736,3,8,100
101,101,2,11246,N(C(=O)c1nnc2ccccc2c1N)c1ncc2COC2(C1)S(=O)(=O)C,1.0,38,174.7,1,185.01466408399992,0.0881000000000001,CS(=O)(=O)C12CC(NC(=O)c3nnc4ccccc4c3N)=NC=C1CO2,373.0844749599999,0.399,3,9,101
102,102,4,10012,N(C(=O)c1nnc2ccccc2c1N)c1ncc2CN(CC)CCOCc2c1,1.0,39,159.0,1,190.110613068,1.9005,CCN1CCOCc2cc(NC(=O)c3nnc4ccccc4c3N)ncc2C1,378.180423944,2.2113999999999994,3,8,102
103,103,3,8617,N(C(=O)c1nnc2ccccc2c1N)c1ncc2COC2Cc2c1CN(C(=O)C)CC2,1.0,41,143.1,1,230.105527688,1.2646000000000006,CC(=O)N1CCC2=C(C1)C(NC(=O)c1nnc3ccccc3c1N)=NC=C1COC1C2,418.17533856399996,1.5755000000000003,3,9,103
104,104,4,8858,N(C(=O)c1nnc2ccccc2c1N)c1ncc2CN(C(=O)C)CC(F)(F)C12,1.0,43,141.3,1,198.060469316,1.0405000000000006,CC(=O)N1CC2=CN=C(NC(=O)c3nnc4ccccc4c3N)C2C(F)(F)C1,386.130280192,1.3514000000000004,3,8,104
105,105,3,4743,N(C(=O)c1nnc2ccccc2c1N)c1ncc2CN(CCN2C)c2c1cc(cc2)C,1.0,39,77.7,1,225.12659748000007,1.9929200000000007,Cc1ccc2c(c1)C(NC(=O)c1nnc3ccccc3c1N)=NC=C1CN2CCN1C,413.19640835600006,2.303820000000001,3,8,105
106,106,3,8448,N(C(=O)c1nnc2ccccc2c1N)c1ncc2COC2Cc2c1OCC(C)(C)O2,1.0,42,140.8,1,219.089543276,1.7528000000000006,CC1(C)COC2=C(CC3OCC3=CN=C2NC(=O)c2nnc3ccccc3c2N)O1,407.15935415199993,2.0637000000000003,3,9,106
107,107,3,5378,N(C(=O)c1nnc2ccccc2c1N)c1ncc2CN(C(=O)C(C)C)c(c21)C,1.0,45,88.8,1,188.094963004,1.6991000000000005,CC1=C2C(=CN=C2NC(=O)c2nnc3ccccc3c2N)CN1C(=O)C(C)C,376.16477388,2.0100000000000002,3,8,107
108,108,2,3094,N(C(=O)c1nnc2ccccc2c1N)c1ncc2COCCC(F)(F)c2n1,1.0,36,50.8,1,184.044819252,1.9555,Nc1c(C(=O)Nc2ncc3c(n2)C(F)(F)CCOC3)nnc2ccccc12,372.114630128,2.2664,3,8,108
109,109,2,5208,N(C(=O)c1nnc2ccccc2c1N)c1ncc2COC2Cc2c1OCO2,1.0,37,84.4,1,177.04259308399995,0.9317000000000004,Nc1c(C(=O)NC2=NC=C3COC3CC3=C2OCO3)nnc2ccccc12,365.11240395999994,1.2426000000000001,3,9,109
110,110,3,1388,N(C(=O)c1nnc2ccccc2c1N)c1ncc2CN(CCN2CCOC1)C,1.0,36,19.2,1,193.12151210000005,0.1484000000000006,CN1CCN2CCOCC(NC(=O)c3nnc4ccccc4c3N)=NC=C2C1,381.19132297600004,0.4593000000000005,3,9,110
111,111,1,3910,N(C(=O)c1nnc2ccccc2c1N)c1ncc2C(=O)N(CCC)Cc2c1,1.0,40,69.3,1,174.07931294,1.9142000000000008,CCCN1Cc2cc(NC(=O)c3nnc4ccccc4c3N)ncc2C1=O,362.149123816,2.2251000000000003,3,8,111
112,112,1,7384,N(C(=O)c1nnc2ccccc2c1N)c1ncc2CN(C)CC=CN(C)c(c21)C,1.0,41,133.4,1,201.12659748000007,1.5918000000000003,CC1=C2C(=CN=C2NC(=O)c2nnc3ccccc3c2N)CN(C)CC=CN1C,389.19640835600006,1.9027000000000005,3,8,112
113,113,1,4347,N(C(=O)c1nnc2ccccc2c1N)c1ncc2C(=O)N(Cc2c1OC)C,1.0,42,77.8,1,176.05857749599997,1.1425999999999998,COc1c(NC(=O)c2nnc3ccccc3c2N)ncc2c1CN(C)C2=O,364.12838837199996,1.4534999999999998,3,9,113
114,114,4,7231,N(C(=O)c1nnc2ccccc2c1N)c1ncc2CN(CC)OCCCC12,1.0,41,113.1,1,178.110613068,1.5903999999999998,CCN1CC2=CN=C(NC(=O)c3nnc4ccccc4c3N)C2CCCO1,366.180423944,1.9012999999999998,3,8,114
115,115,2,10688,N(C(=O)c1nnc2ccccc2c1N)c1ncc2CC(C)(CCn12)C(=O)C,1.0,38,166.6,1,176.094963004,1.8914000000000004,CC(=O)C1(C)CCn2c(cnc2NC(=O)c2nnc3ccccc3c2N)C1,364.16477388,2.2023,3,8,115
116,116,2,7642,N(C(=O)c1nnc2ccccc2c1N)c1ncc2COC2Cc2c1OCCSC2,1.0,43,122.8,1,221.051049592,1.7333000000000005,Nc1c(C(=O)NC2=NC=C3COC3CC3=C2OCCSC3)nnc2ccccc12,409.120860468,2.0442,3,8,116
117,117,2,6366,N(C(=O)c1nnc2ccccc2c1N)c1ncc2COC2Cc2ccc(n12)C,1.0,42,104.2,1,186.07931294,1.4839200000000003,Cc1ccc2n1C(NC(=O)c1nnc3ccccc3c1N)=NC=C1COC1C2,374.149123816,1.79482,3,8,117
118,118,1,10102,N(C(=O)c1nnc2ccccc2c1N)c1ncc2C(=O)N(CCC)CCn12,1.0,43,178.9,1,177.09021197200005,1.2157,CCCN1CCn2c(cnc2NC(=O)c2nnc3ccccc3c2N)C1=O,365.16002284800004,1.5265999999999997,3,9,118
119,119,1,7303,N(C(=O)c1nnc2ccccc2c1N)c1ncc2CN(C)C(=O)CC=Cc2c1,1.0,42,132.2,1,186.07931294,1.9237000000000009,CN1Cc2cnc(NC(=O)c3nnc4ccccc4c3N)cc2C=CCC1=O,374.149123816,2.2346000000000004,3,8,119
120,120,1,8796,N(C(=O)c1nnc2ccccc2c1N)c1ncc2CCN(C)CCOc2c1,1.0,38,158.9,1,176.094963004,1.4150999999999998,CN1CCOc2cc(NC(=O)c3nnc4ccccc4c3N)ncc2CC1,364.16477388,1.7259999999999998,3,8,120
121,121,1,8898,N(C(=O)c1nnc2ccccc2c1N)c1ncc2CCN(C(=O)c2c1)C(C)C,1.0,38,160.3,1,188.094963004,1.9551000000000005,CC(C)N1CCc2cnc(NC(=O)c3nnc4ccccc4c3N)cc2C1=O,376.16477388,2.266,3,8,121
122,122,1,5196,N(C(=O)c1nnc2ccccc2c1N)c1ncc2CN(C)CCOCCCc2c1,1.0,41,94.0,1,204.126263132,1.943000000000001,CN1CCOCCCc2cc(NC(=O)c3nnc4ccccc4c3N)ncc2C1,392.196074008,2.2539000000000007,3,8,122
123,123,3,8878,N(C(=O)c1nnc2ccccc2c1N)c1ncc2COC2Cc2c1N=CCC=N2,1.0,43,147.8,1,199.07456190800005,1.4727000000000006,Nc1c(C(=O)NC2=NC=C3COC3CC3=C2N=CCC=N3)nnc2ccccc12,387.14437278400004,1.7836000000000003,3,9,123
124,124,1,4512,N(C(=O)c1nnc2ccccc2c1N)c1ncc2CN(C)CC=NCc2c1,1.0,39,81.6,1,173.09529735200007,1.5646,CN1CC=NCc2cc(NC(=O)c3nnc4ccccc4c3N)ncc2C1,361.16510822800007,1.8755,3,8,124
125,125,2,3907,N(C(=O)c1nnc2ccccc2c1N)c1ncc2OCOC2(COC)CN1CC,1.0,40,65.6,1,210.100442308,0.5532999999999998,CCN1CC2(COC)OCOC2=CN=C1NC(=O)c1nnc2ccccc2c1N,398.170253184,0.8641999999999996,3,10,125
126,126,3,8955,N(C(=O)c1nnc2ccccc2c1N)c1ncc2COC2Cc2c1N(C(=O)CC2)CC,1.0,43,148.8,1,230.105527688,1.6122,CCN1C(=O)CCC2=C1C(NC(=O)c1nnc3ccccc3c1N)=NC=C1COC1C2,418.17533856399996,1.9231,3,9,126
127,127,2,11584,N(C(=O)c1nnc2ccccc2c1N)c1ncc2CCN(C)CC=N/Cn12,1.0,42,179.7,1,176.10619638400007,0.8660999999999998,CN1CC=NCn2c(cnc2NC(=O)c2nnc3ccccc3c2N)CC1,364.17600726000006,1.1769999999999996,3,9,127
128,128,2,9807,N(C(=O)c1nnc2ccccc2c1N)c1ncc2CC(=O)N(Cc2c1CC)C,1.0,44,154.7,1,188.094963004,1.6253000000000002,CCc1c(NC(=O)c2nnc3ccccc3c2N)ncc2c1CN(C)C(=O)C2,376.16477388,1.9362000000000001,3,8,128
129,129,1,3655,N(C(=O)c1nnc2ccccc2c1N)c1ncc2COCCCC(=O)c2c1,1.0,36,64.8,1,175.06332852799997,2.0415000000000005,Nc1c(C(=O)Nc2cc3c(cn2)COCCCC3=O)nnc2ccccc12,363.13313940399996,2.3524000000000003,3,8,129
130,130,2,4402,N(C(=O)c1nnc2ccccc2c1N)c1ncc2CCN(C)CC(=O)c2c1,1.0,39,74.1,1,174.07931294,1.2190000000000003,CN1CCc2cnc(NC(=O)c3nnc4ccccc4c3N)cc2C(=O)C1,362.149123816,1.5299,3,8,130
131,131,2,4299,N(C(=O)c1nnc2ccccc2c1N)c1ncc2CN(C)C(=O)c2c1OC,1.0,39,73.3,1,176.05857749599997,1.1425999999999998,COc1c(NC(=O)c2nnc3ccccc3c2N)ncc2c1C(=O)N(C)C2,364.12838837199996,1.4534999999999998,3,9,131
132,132,3,10369,N(C(=O)c1nnc2ccccc2c1N)c1ncc2COC2CCc2c1COC2,1.0,40,170.1,1,189.078978592,1.4327000000000003,Nc1c(C(=O)NC2=NC=C3COC3CCC3=C2COC3)nnc2ccccc12,377.14878946799996,1.7436000000000003,3,8,132
133,133,2,10365,N(C(=O)c1nnc2ccccc2c1N)c1ncc2CCN(C)CC(c2n1)CC,1.0,41,161.3,1,189.12659748000007,1.9249000000000005,CCC1CN(C)CCc2cnc(NC(=O)c3nnc4ccccc4c3N)nc21,377.19640835600006,2.2358000000000002,3,8,133
134,134,3,3482,N(C(=O)c1nnc2ccccc2c1N)c1ncc2CN(C)CCN=C(c2c1)Cl,1.0,38,57.7,1,207.05632500000004,1.9792,CN1CCN=C(Cl)c2cc(NC(=O)c3nnc4ccccc4c3N)ncc2C1,395.12613587600003,2.2901,3,8,134
135,135,3,9604,N(C(=O)c1nnc2ccccc2c1N)c1ncc2COC2Cc2c1C(N2C=O)C,1.0,43,156.5,1,202.07422756,0.8304000000000001,CC1C2=C(CC3OCC3=CN=C2NC(=O)c2nnc3ccccc3c2N)N1C=O,390.14403843599996,1.1413,3,9,135
136,136,3,9595,N(C(=O)c1nnc2ccccc2c1N)c1ncc2COC2Cc2c1C(N2C)C,1.0,43,156.5,1,188.094963004,1.3038000000000007,CC1C2=C(CC3OCC3=CN=C2NC(=O)c2nnc3ccccc3c2N)N1C,376.16477388,1.6147000000000005,3,8,136
137,137,4,8580,N(C(=O)c1nnc2ccccc2c1N)c1ncc2CN(C)CC=C(C)c2n1,1.0,40,136.2,1,173.09529735200007,1.7921,CC1=CCN(C)Cc2cnc(NC(=O)c3nnc4ccccc4c3N)nc21,361.16510822800007,2.1029999999999998,3,8,137
138,138,3,9144,N(C(=O)c1nnc2ccccc2c1N)c1ncc2COC2Cc2c1C(NC=O)CC2,1.0,42,152.5,1,216.089877624,0.9208000000000004,Nc1c(C(=O)NC2=NC=C3COC3CC3=C2C(NC=O)CC3)nnc2ccccc12,404.15968849999996,1.2317000000000002,4,9,138
139,139,1,9052,N(C(=O)c1nnc2ccccc2c1N)c1ncc2CCN(C)CCC(=O)c2c1,1.0,39,163.9,1,188.094963004,1.6090999999999998,CN1CCC(=O)c2cc(NC(=O)c3nnc4ccccc4c3N)ncc2CC1,376.16477388,1.9199999999999997,3,8,139
140,140,3,2417,N(C(=O)c1nnc2ccccc2c1N)c1ncc2CN(CCc2c1N(C)C)C,1.0,37,38.4,1,189.12659748000007,1.6023,CN1CCc2c(cnc(NC(=O)c3nnc4ccccc4c3N)c2N(C)C)C1,377.19640835600006,1.9132,3,8,140
141,141,1,3099,N(C(=O)c1nnc2ccccc2c1N)c1ncc2CN(C)CC=CN(C)c2c1,1.0,39,56.1,1,187.11094741600007,1.9437,CN1CC=CN(C)c2cc(NC(=O)c3nnc4ccccc4c3N)ncc2C1,375.18075829200006,2.2546,3,8,141
142,142,2,10078,N(C(=O)c1nnc2ccccc2c1N)c1ncc2COC2(O)CCCN1CC,1.0,41,156.6,1,194.105527688,0.7053000000000001,CCN1CCCC2(O)OCC2=CN=C1NC(=O)c1nnc2ccccc2c1N,382.17533856399996,1.0162,4,9,142
143,143,3,1083,N(C(=O)c1nnc2ccccc2c1N)c1ncc2CN(C(=O)C)Cc2c1F,1.0,36,14.1,1,178.05424106400002,1.5496000000000003,CC(=O)N1Cc2cnc(NC(=O)c3nnc4ccccc4c3N)c(F)c2C1,366.12405194,1.8605,3,8,143
144,144,2,2783,N(C(=O)c1nnc2ccccc2c1N)c1ncc2CC(=O)CC2(COC)CC1,1.0,37,46.5,1,191.094628656,1.7028000000000008,COCC12CCC(NC(=O)c3nnc4ccccc4c3N)=NC=C1CC(=O)C2,379.16443953199996,2.0137000000000005,3,8,144
145,145,2,6682,N(C(=O)c1nnc2ccccc2c1N)c1ncc2COC2Cc2c1N=NC(=O)C2,1.0,43,110.8,1,201.053826464,1.3524000000000005,Nc1c(C(=O)NC2=NC=C3COC3CC3=C2N=NC(=O)C3)nnc2ccccc12,389.12363734,1.6633000000000002,3,10,145
146,146,2,5362,N(C(=O)c1nnc2ccccc2c1N)c1ncc2COC2Cc2c1NCC2(C)C,1.0,40,87.6,1,202.110613068,1.5993,CC1(C)CNC2=C1CC1OCC1=CN=C2NC(=O)c1nnc2ccccc2c1N,390.180423944,1.9102,4,8,146
147,147,4,2202,N(C(=O)c1nnc2ccccc2c1N)c1ncc2CCNCCCc2c1C,1.0,35,35.2,1,174.11569844800002,1.9351200000000008,Cc1c(NC(=O)c2nnc3ccccc3c2N)ncc2c1CCCNCC2,362.185509324,2.2460200000000006,4,7,147
148,148,2,5210,N(C(=O)c1nnc2ccccc2c1N)c1ncc2COC2Cc2c1CN(C)C2,1.0,38,84.7,1,188.094963004,0.9578000000000004,CN1CC2=C(C1)C(NC(=O)c1nnc3ccccc3c1N)=NC=C1COC1C2,376.16477388,1.2687000000000002,3,8,148
149,149,2,2603,N(C(=O)c1nnc2ccccc2c1N)c1ncc2CN(CCc2c1OC)CC,1.0,40,43.4,1,190.110613068,1.935,CCN1CCc2c(cnc(NC(=O)c3nnc4ccccc4c3N)c2OC)C1,378.180423944,2.2459,3,8,149
150,150,1,1996,N(C(=O)c1nnc2ccccc2c1N)c1ncc2CN(CCC2CCOCC1)C,1.0,37,37.2,1,206.141913196,1.6754000000000002,CN1CCC2CCOCCC(NC(=O)c3nnc4ccccc4c3N)=NC=C2C1,394.211724072,1.9863000000000002,3,8,150
151,151,2,5677,N(C(=O)c1nnc2ccccc2c1N)c1ncc2COC2Cc2c1OCOC2,1.0,41,93.5,1,191.058243148,0.9742000000000004,Nc1c(C(=O)NC2=NC=C3COC3CC3=C2OCOC3)nnc2ccccc12,379.12805402399994,1.2851000000000004,3,9,151
152,152,4,6523,N(C(=O)c1nnc2ccccc2c1N)c1ncc2CN(C)C(c2c1)N(C)C,1.0,42,102.3,1,175.11094741600007,1.5539999999999998,CN(C)C1c2cc(NC(=O)c3nnc4ccccc4c3N)ncc2CN1C,363.18075829200006,1.8648999999999998,3,8,152
153,153,2,5702,N(C(=O)c1nnc2ccccc2c1N)c1ncc2COC2Cc2c1NC(=O)C2,1.0,41,94.2,1,188.058577496,0.4898000000000002,Nc1c(C(=O)NC2=NC=C3COC3CC3=C2NC(=O)C3)nnc2ccccc12,376.12838837199996,0.8007000000000001,4,9,153
154,154,4,7413,N(C(=O)c1nnc2ccccc2c1N)c1nc(OC(F)F)c(cc1)C#N,1.0,37,115.7,1,168.01351912400006,2.021480000000001,N#Cc1ccc(NC(=O)c2nnc3ccccc3c2N)nc1OC(F)F,356.08333000000005,2.3323800000000006,3,8,154
155,155,2,9418,N(C(=O)c1nnc2ccccc2c1N)c1ncc2CCN(C)CC=NCc2c1C,1.0,41,149.0,1,201.12659748000007,1.9155200000000003,Cc1c(NC(=O)c2nnc3ccccc3c2N)ncc2c1CN=CCN(C)CC2,389.19640835600006,2.22642,3,8,155
156,156,4,6439,N(C(=O)c1nnc2ccccc2c1N)c1ncc2CN(C)CCCSCC12,1.0,39,100.8,1,194.087769448,1.6118,CN1CCCSCC2C(=CN=C2NC(=O)c2nnc3ccccc3c2N)C1,382.157580324,1.9227,3,7,156
157,157,1,9063,N(C(=O)c1nnc2ccccc2c1N)c1ncc2CCN(C)CCCCc2n1,1.0,39,163.9,1,189.12659748000007,1.754,CN1CCCCc2nc(NC(=O)c3nnc4ccccc4c3N)ncc2CC1,377.19640835600006,2.0648999999999997,3,8,157
158,158,1,1552,N(C(=O)c1nnc2ccccc2c1N)c1ncc2C(F)(CCN(C)C)c2n1,1.0,34,27.9,1,179.08587554000005,1.4215999999999998,CN(C)CCC1(F)c2cnc(NC(=O)c3nnc4ccccc4c3N)nc21,367.15568641600004,1.7324999999999997,3,8,158
159,159,2,8925,N(C(=O)c1nnc2ccccc2c1N)c1ncc2CN(CC)C2(C)C(C)(C)C1=O,1.0,39,142.9,1,204.126263132,1.6164,CCN1CC2=CN=C(NC(=O)c3nnc4ccccc4c3N)C(=O)C(C)(C)C21C,392.196074008,1.9273,3,8,159
160,160,2,10409,N(C(=O)c1nnc2ccccc2c1N)c1ncc2CCN(C)CC(C)c(c21)O,1.0,42,161.9,1,190.110613068,1.7106000000000008,CC1CN(C)CCC2=CN=C(NC(=O)c3nnc4ccccc4c3N)C2=C1O,378.180423944,2.0215000000000005,4,8,160
161,161,1,6459,N(C(=O)c1nnc2ccccc2c1N)c1ncc2CN(CC(C)C)c(n1)C2,1.0,42,116.8,1,175.11094741600007,1.6446000000000005,CC(C)CN1CC2=CN=C(NC(=O)c3nnc4ccccc4c3N)N=C1C2,363.18075829200006,1.9555000000000005,3,8,161
162,162,1,1715,N(C(=O)c1nnc2ccccc2c1N)c1ncc2CN(CCCc2n1)CC,1.0,36,31.8,1,175.11094741600007,1.7115,CCN1CCCc2nc(NC(=O)c3nnc4ccccc4c3N)ncc2C1,363.18075829200006,2.0223999999999998,3,8,162
163,163,4,4732,N(C(=O)c1nnc2ccccc2c1N)c1ncc2CN(CC)OCCCn12,1.0,39,74.9,1,179.10586203600005,1.5071,CCN1Cc2cnc(NC(=O)c3nnc4ccccc4c3N)n2CCCO1,367.17567291200004,1.8179999999999996,3,9,163
164,164,1,4899,N(C(=O)c1nnc2ccccc2c1N)c1ncc2CN(C(=O)c2c1)C(C)C,1.0,43,88.2,1,174.07931294,1.9126000000000007,CC(C)N1Cc2cnc(NC(=O)c3nnc4ccccc4c3N)cc2C1=O,362.149123816,2.2235000000000005,3,8,164
165,165,4,11676,N(C(=O)c1nnc2ccccc2c1N)c1ncc2CN(CCN(CC)C)c2c1,1.0,41,180.4,1,189.12659748000007,1.8201000000000005,CCN(C)CCN1Cc2cnc(NC(=O)c3nnc4ccccc4c3N)cc21,377.19640835600006,2.1310000000000002,3,8,165
166,166,3,2770,N(C(=O)c1nnc2ccccc2c1N)c1ncc2CN(C(=O)CC)Cc2c1,1.0,40,44.9,1,174.07931294,1.8006000000000002,CCC(=O)N1Cc2cnc(NC(=O)c3nnc4ccccc4c3N)cc2C1,362.149123816,2.1115,3,8,166
167,167,2,4763,N(C(=O)c1nnc2ccccc2c1N)c1ncc2OCCCC2(O)CCC1,1.0,35,78.7,1,179.09462865600003,1.5962000000000005,Nc1c(C(=O)NC2=NC=C3OCCCC3(O)CCC2)nnc2ccccc12,367.164439532,1.9071000000000002,4,8,167
168,168,1,7211,N(C(=O)c1nnc2ccccc2c1N)c1ncc2CN(C)C(C)CCCn21,1.0,41,130.8,1,177.12659748000007,1.964,CC1CCCn2c(cnc2NC(=O)c2nnc3ccccc3c2N)CN1C,365.19640835600006,2.2748999999999997,3,8,168
169,169,2,7849,N(C(=O)c1nnc2ccccc2c1N)c1ncc2COC2Cc2c1C(C#N)=N2,1.0,42,125.7,1,183.04326178000005,0.9480800000000004,N#CC1=NC2=C1C(NC(=O)c1nnc3ccccc3c1N)=NC=C1COC1C2,371.11307265600004,1.2589800000000002,3,9,169
170,170,4,5829,N(C(=O)c1nnc2ccccc2c1N)c1ncc2OC(C)(CN(C)C)c2c1,1.0,37,91.3,1,176.09496300400005,1.7176,CN(C)CC1(C)Oc2cnc(NC(=O)c3nnc4ccccc4c3N)cc21,364.16477388000004,2.0284999999999997,3,8,170
171,171,2,9331,N(C(=O)c1nnc2ccccc2c1N)c1ncc2COC(C)(C)C(=O)c2c1,1.0,40,148.5,1,175.06332852799997,2.0399000000000007,CC1(C)OCc2cnc(NC(=O)c3nnc4ccccc4c3N)cc2C1=O,363.13313940399996,2.3508000000000004,3,8,171
172,172,3,8726,N(C(=O)c1nnc2ccccc2c1N)c1ncc2COC2Cc2c1OC(N2C)CC,1.0,43,144.8,1,218.105527688,1.6255000000000002,CCC1OC2=C(CC3OCC3=CN=C2NC(=O)c2nnc3ccccc3c2N)N1C,406.17533856399996,1.9364000000000001,3,9,172
173,173,2,6110,N(C(=O)c1nnc2ccccc2c1N)c1ncc2COC2Cc2c1C(C)(C)OC2,1.0,41,99.5,1,203.094628656,1.8212000000000008,CC1(C)OCC2=C1C(NC(=O)c1nnc3ccccc3c1N)=NC=C1COC1C2,391.16443953199996,2.1321000000000003,3,8,173
174,174,3,6418,N(C(=O)c1nnc2ccccc2c1N)c1ncc2C(CNCC12)c1ccccc1,1.0,37,106.4,1,196.100048384,1.9301000000000008,Nc1c(C(=O)NC2=NC=C3C2CNCC3c2ccccc2)nnc2ccccc12,384.16985926,2.2410000000000005,4,7,174
175,175,3,10436,N(C(=O)c1nnc2ccccc2c1N)c1ncc2COC2CCc2ccnc(c12)C,1.0,40,170.7,1,212.094963004,2.0100200000000013,Cc1nccc2c1C(NC(=O)c1nnc3ccccc3c1N)=NC=C1COC1CC2,400.16477388,2.320920000000001,3,8,175
176,176,1,9647,N(C(=O)c1nnc2ccccc2c1N)c1ncc2CN(CCC2CC(O)C1)C,1.0,40,170.4,1,192.126263132,1.0197000000000005,CN1CCC2CC(O)CC(NC(=O)c3nnc4ccccc4c3N)=NC=C2C1,380.196074008,1.3306,4,8,176
177,177,4,2345,N(C(=O)c1nnc2ccccc2c1N)c1ncc2CN(CCN2C(C)C)C1=O,1.0,39,37.2,1,191.10586203600005,0.4370000000000001,CC(C)N1CCN2CC1=CN=C(NC(=O)c1nnc3ccccc3c1N)C2=O,379.17567291200004,0.7479,3,9,177
178,178,3,1900,N(C(=O)c1nnc2ccccc2c1N)c1ncc2CN(CCCN(C)Cc2c1)C,1.0,36,28.5,1,203.14224754400007,1.8157,CN1CCCN(C)Cc2cc(NC(=O)c3nnc4ccccc4c3N)ncc2C1,391.21205842000006,2.1266,3,8,178
179,179,2,11190,N(C(=O)c1nnc2ccccc2c1N)c1ncc2COC2Cc2c1CN(C2=O)C,1.0,43,173.8,1,202.07422756,0.4844000000000003,CN1CC2=C(CC3OCC3=CN=C2NC(=O)c2nnc3ccccc3c2N)C1=O,390.14403843599996,0.7953000000000001,3,9,179
180,180,1,4067,N(C(=O)c1nnc2ccccc2c1N)c1ncc2CN(C)CC(F)(F)Cn12,1.0,41,72.5,1,185.07645372800008,1.4306,CN1Cc2cnc(NC(=O)c3nnc4ccccc4c3N)n2CC(F)(F)C1,373.14626460400007,1.7415,3,8,180
181,181,1,9832,N(C(=O)c1nnc2ccccc2c1N)c1ncc2C(F)(CCO)CCc2c1,1.0,37,174.4,1,179.07464215999997,2.0418000000000007,Nc1c(C(=O)Nc2cc3c(cn2)C(F)(CCO)CC3)nnc2ccccc12,367.14445303599996,2.3527000000000005,4,7,181
182,182,2,8123,N(C(=O)c1nnc2ccccc2c1N)c1ncc2COC(C)COCC2(C)C1,1.0,40,130.3,1,193.11027872,1.7586000000000004,CC1COCC2(C)CC(NC(=O)c3nnc4ccccc4c3N)=NC=C2CO1,381.18008959599996,2.0695,3,8,182
183,183,4,5309,N(C(=O)c1nnc2ccccc2c1N)c1ncc2CN(C(=O)C)C(c2c1)C,1.0,42,84.2,1,174.07931294,1.9715000000000005,CC(=O)N1Cc2cnc(NC(=O)c3nnc4ccccc4c3N)cc2C1C,362.149123816,2.2824,3,8,183
184,184,1,8807,N(C(=O)c1nnc2ccccc2c1N)c1ncc2CCN(C)CC=C(C)c2n1,1.0,38,158.9,1,187.11094741600007,1.8346000000000005,CC1=CCN(C)CCc2cnc(NC(=O)c3nnc4ccccc4c3N)nc21,375.18075829200006,2.1455,3,8,184
185,185,2,5777,N(C(=O)c1nnc2ccccc2c1N)c1ncc2COC2Cc2c1CNCC2,1.0,41,95.1,1,188.094963004,1.0057,Nc1c(C(=O)NC2=NC=C3COC3CC3=C2CNCC3)nnc2ccccc12,376.16477388,1.3165999999999998,4,8,185
186,186,4,9098,N(C(=O)c1nnc2ccccc2c1N)c1ncc2COC(C)COC2CC1,1.0,40,144.2,1,179.09462865599997,1.511,CC1COC2CCC(NC(=O)c3nnc4ccccc4c3N)=NC=C2CO1,367.16443953199996,1.8218999999999999,3,8,186
187,187,1,6347,N(C(=O)c1nnc2ccccc2c1N)c1ncc2C(=O)N(CCC)CCc2c1,1.0,41,114.1,1,188.094963004,1.9567,CCCN1CCc2cc(NC(=O)c3nnc4ccccc4c3N)ncc2C1=O,376.16477388,2.2676,3,8,187
188,188,1,5717,N(C(=O)c1nnc2ccccc2c1N)c1ncc2CN(CCOc2c1)CC,1.0,36,102.7,1,176.094963004,1.7627000000000002,CCN1CCOc2cc(NC(=O)c3nnc4ccccc4c3N)ncc2C1,364.16477388,2.0736,3,8,188
189,189,1,4588,N(C(=O)c1nnc2ccccc2c1N)c1ncc2CN(C)CCC(c2n1)C,1.0,39,82.6,1,175.11094741600007,1.8824,CC1CCN(C)Cc2cnc(NC(=O)c3nnc4ccccc4c3N)nc21,363.18075829200006,2.1933,3,8,189
190,190,4,11035,N(C(=O)c1nnc2ccccc2c1N)c1ncc2CN(C)CC(c2c1)OC,1.0,39,168.5,1,176.094963004,1.6813000000000002,COC1CN(C)Cc2cnc(NC(=O)c3nnc4ccccc4c3N)cc21,364.16477388,1.9922,3,8,190
191,191,1,4123,N(C(=O)c1nnc2ccccc2c1N)c1ncc2CN(C)CCc2c1C#N,1.0,39,73.4,1,171.07964728800007,1.4079800000000002,CN1CCc2c(cnc(NC(=O)c3nnc4ccccc4c3N)c2C#N)C1,359.14945816400007,1.71888,3,8,191
192,192,2,4691,N(C(=O)c1nnc2ccccc2c1N)c1ncc2CCN(Cc2c1C#N)C,1.0,40,77.6,1,171.07964728800007,1.4079800000000002,CN1CCc2cnc(NC(=O)c3nnc4ccccc4c3N)c(C#N)c2C1,359.14945816400007,1.71888,3,8,192
193,193,2,8347,N(C(=O)c1nnc2ccccc2c1N)c1ncc2CC(C)(c2c1)N1CCN(C)CC1,1.0,38,134.1,1,215.14224754400007,1.5671,CN1CCN(C2(C)Cc3cnc(NC(=O)c4nnc5ccccc5c4N)cc32)CC1,403.21205842000006,1.8779999999999997,3,8,193
194,194,3,9157,N(C(=O)c1nnc2ccccc2c1N)c1ncc2COC2Cc2c1C12CCN(CC1)C,1.0,41,152.9,1,228.126263132,1.7380000000000004,CN1CCC2(CC1)C1=C2C(NC(=O)c2nnc3ccccc3c2N)=NC=C2COC2C1,416.196074008,2.0489,3,8,194
195,195,3,9605,N(C(=O)c1nnc2ccccc2c1N)c1ncc2COC2Cc2c1C(N2)COC(C)C,1.0,43,156.5,1,232.121177752,1.3667000000000002,CC(C)OCC1NC2=C1C(NC(=O)c1nnc3ccccc3c1N)=NC=C1COC1C2,420.19098862799996,1.6776,4,9,195
196,196,1,6127,N(C(=O)c1nnc2ccccc2c1N)c1ncc2CN(CC)CC=C/c2n1,1.0,38,111.3,1,173.09529735200007,1.7921,CCN1CC=Cc2nc(NC(=O)c3nnc4ccccc4c3N)ncc2C1,361.16510822800007,2.1029999999999998,3,8,196
197,197,4,3840,N(C(=O)c1nnc2ccccc2c1N)c1ncc2CN(C(=O)C)CC=Cc2c1,1.0,42,60.3,1,186.07931294,1.9237000000000009,CC(=O)N1CC=Cc2cc(NC(=O)c3nnc4ccccc4c3N)ncc2C1,374.149123816,2.2346000000000004,3,8,197
198,198,1,208,N(C(=O)c1nnc2ccccc2c1N)CN1CCN(c2cccc(OC)c2)CC1,1.0,26,3.9,1,204.126263132,1.4192,COc1cccc(N2CCN(CNC(=O)c3nnc4ccccc4c3N)CC2)c1,392.1960740079999,1.7300999999999997,3,8,198
199,199,4,8549,N(C(=O)c1nnc2ccccc2c1N)c1ncc2CN(C)C(C)COC2(COC)C1,1.0,42,135.4,1,222.136827816,1.0527000000000002,COCC12CC(NC(=O)c3nnc4ccccc4c3N)=NC=C1CN(C)C(C)CO2,410.20663869199996,1.3636000000000001,3,9,199
200,200,1,8860,N(C(=O)c1nnc2ccccc2c1N)c1ncc2CCN(Cc2c1)C(=O)N(C)C,1.0,36,159.7,1,203.10586203600005,1.5880999999999998,CN(C)C(=O)N1CCc2cnc(NC(=O)c3nnc4ccccc4c3N)cc2C1,391.17567291200004,1.8989999999999998,3,9,200
201,201,2,9636,N(C(=O)c1nnc2ccccc2c1N)c1ncc2CC(=O)N(C)CC=C(C)c2c1,1.0,42,152.2,1,200.094963004,1.9662,CC1=CCN(C)C(=O)Cc2cnc(NC(=O)c3nnc4ccccc4c3N)cc21,388.16477388,2.2771,3,8,201
202,202,2,11436,N(C(=O)c1nnc2ccccc2c1N)c1ncc2COC2Cc2c1CCCOC2,1.0,42,177.4,1,203.094628656,1.8228000000000004,Nc1c(C(=O)NC2=NC=C3COC3CC3=C2CCCOC3)nnc2ccccc12,391.16443953199996,2.1337,3,8,202
203,203,2,5466,N(C(=O)c1nnc2ccccc2c1N)c1ncc2COC2(O)CCCCC1,1.0,37,89.6,1,179.09462865599997,1.5962000000000005,Nc1c(C(=O)NC2=NC=C3COC3(O)CCCCC2)nnc2ccccc12,367.16443953199996,1.9071000000000002,4,8,203
204,204,3,8374,N(C(=O)c1nnc2ccccc2c1N)c1ncc2COC2Cc2c1OC(N(C)C2)C,1.0,42,138.8,1,218.105527688,1.2779000000000007,CC1OC2=C(CC3OCC3=CN=C2NC(=O)c2nnc3ccccc3c2N)CN1C,406.17533856399996,1.5888000000000004,3,9,204
205,205,3,5871,N(C(=O)c1nnc2ccccc2c1N)c1ncc2CN(C)CCN=C1c1c(F)cccc12,1.0,41,97.0,1,241.10152560400005,1.9577000000000004,CN1CCN=C2C(NC(=O)c3nnc4ccccc4c3N)=NC=C(C1)c1cccc(F)c12,429.17133648000004,2.2686,3,8,205
206,206,3,31,N(C(=O)c1nnc2ccccc2c1N)C1CCN(CC1)Cc1c(O)cccc1,1.0,25,1.2,1,189.1153641,2.0011000000000005,Nc1c(C(=O)NC2CCN(Cc3ccccc3O)CC2)nnc2ccccc12,377.185174976,2.3120000000000003,4,7,206
207,207,3,10845,N(C(=O)c1nnc2ccccc2c1N)c1ncc2COC2Cc2c1n2CC#N,1.0,43,178.5,1,185.05891184400005,0.7665800000000006,N#CCN1C2=C1C(NC(=O)c1nnc3ccccc3c1N)=NC=C1COC1C2,373.12872272000004,1.0774800000000004,3,9,207
208,208,3,8200,N(C(=O)c1nnc2ccccc2c1N)c1ncc2COC2Cc2c1N=C2CCN(C)C,1.0,41,135.8,1,229.12151210000005,1.3762000000000003,CN(C)CCC1=NC2=C1CC1OCC1=CN=C2NC(=O)c1nnc2ccccc2c1N,417.19132297600004,1.6871000000000003,3,9,208
209,209,3,5057,N(C(=O)c1nnc2ccccc2c1N)c1ncc2C(CN3CCCC3)Cc2n1,1.0,35,82.4,1,187.11094741600007,1.6789,Nc1c(C(=O)Nc2ncc3c(n2)CC3CN2CCCC2)nnc2ccccc12,375.18075829200006,1.9897999999999998,3,8,209
210,210,2,9509,N(C(=O)c1nnc2ccccc2c1N)c1ncc2CCN(C)CCC(c2n1)C,1.0,40,150.4,1,189.12659748000007,1.9249000000000005,CC1CCN(C)CCc2cnc(NC(=O)c3nnc4ccccc4c3N)nc21,377.19640835600006,2.2358000000000002,3,8,210
211,211,1,5599,N(C(=O)c1nnc2ccccc2c1N)c1ncc2CC(=O)N(CCc2c1C)C,1.0,40,101.4,1,188.094963004,1.41382,Cc1c(NC(=O)c2nnc3ccccc3c2N)ncc2c1CCN(C)C(=O)C2,376.16477388,1.7247199999999998,3,8,211
212,212,3,8224,N(C(=O)c1nnc2ccccc2c1N)c1ncc2COC2Cc2c1cnn2CC,1.0,41,136.1,1,201.09021197200005,1.1329000000000002,CCn1ncc2c1CC1OCC1=CN=C2NC(=O)c1nnc2ccccc2c1N,389.16002284800004,1.4438000000000002,3,9,212
213,213,1,2350,N(C(=O)c1nnc2ccccc2c1N)c1ncc2C(=O)N(CCc2c1C)C,1.0,38,43.0,1,174.07931294,1.4849200000000002,Cc1c(NC(=O)c2nnc3ccccc3c2N)ncc2c1CCN(C)C2=O,362.149123816,1.79582,3,8,213
214,214,2,3889,N(C(=O)c1nnc2ccccc2c1N)c1ncc2OCOC2(CCO)CC1,1.0,39,65.3,1,181.073893212,0.7901000000000001,Nc1c(C(=O)NC2=NC=C3OCOC3(CCO)CC2)nnc2ccccc12,369.143704088,1.101,4,9,214
215,215,3,9102,N(C(=O)c1nnc2ccccc2c1N)c1ncc2COC2Cc2c1N(C12)COC1,1.0,43,151.7,1,202.07422756,0.6418000000000003,Nc1c(C(=O)NC2=NC=C3COC3CC3=C2N2COCC32)nnc2ccccc12,390.14403843599996,0.9527000000000001,3,9,215
216,216,2,10894,N(C(=O)c1nnc2ccccc2c1N)c1ncc2COC2Cc2c1COC(=O)C2(C)C,1.0,43,169.3,1,231.089543276,1.5954000000000002,CC1(C)C(=O)OCC2=C1CC1OCC1=CN=C2NC(=O)c1nnc2ccccc2c1N,419.15935415199993,1.9063,3,9,216
217,217,4,9827,N(C(=O)c1nnc2ccccc2c1N)c1ncc2CN(CC)CC=S2CC1,1.0,39,157.2,1,194.087769448,1.6811000000000007,CCN1CC=S2CCC(NC(=O)c3nnc4ccccc4c3N)=NC=C2C1,382.157580324,1.9920000000000004,3,7,217
218,218,3,5285,N(C(=O)c1nnc2ccccc2c1N)c1ncc2CN(CCN2C)c(c1C)C,1.0,40,87.1,1,189.12659748000007,1.4257000000000004,CC1=C(C)N2CCN(C)C(=CN=C1NC(=O)c1nnc3ccccc3c1N)C2,377.19640835600006,1.7366000000000004,3,8,218
219,219,1,4063,N(C(=O)c1nnc2ccccc2c1N)c1ncc2CN(C)CC(F)(F)CCn12,1.0,40,72.2,1,199.09210379200007,1.8207,CN1Cc2cnc(NC(=O)c3nnc4ccccc4c3N)n2CCC(F)(F)C1,387.16191466800007,2.1315999999999997,3,8,219
220,220,1,14,N(C(=O)c1nnc2ccccc2c1N)CN1CCN(CC1)c1ccccc1OC,1.0,25,1.1,1,204.126263132,1.4192,COc1ccccc1N1CCN(CNC(=O)c2nnc3ccccc3c2N)CC1,392.1960740079999,1.7301,3,8,220
221,221,2,5920,N(C(=O)c1nnc2ccccc2c1N)c1ncc2COC2Cc2c1cc(cn2)C,1.0,41,97.1,1,198.07931294,1.6199200000000005,Cc1cnc2c(c1)C(NC(=O)c1nnc3ccccc3c1N)=NC=C1COC1C2,386.149123816,1.9308200000000002,3,8,221
222,222,2,5773,N(C(=O)c1nnc2ccccc2c1N)c1ncc2COC2Cc2c1CNC2,1.0,41,95.1,1,174.07931294,0.6156,Nc1c(C(=O)NC2=NC=C3COC3CC3=C2CNC3)nnc2ccccc12,362.149123816,0.9264999999999999,4,8,222
223,223,1,6598,N(C(=O)c1nnc2ccccc2c1N)c1ncc2CN(C)CC(F)(F)Oc2c1,1.0,42,118.6,1,198.060469316,1.9654000000000005,CN1Cc2cnc(NC(=O)c3nnc4ccccc4c3N)cc2OC(F)(F)C1,386.130280192,2.2763,3,8,223
224,224,3,9562,N(C(=O)c1nnc2ccccc2c1N)c1ncc2COC2Cc2c1CN(C2)CCOC,1.0,42,156.2,1,232.121177752,0.9744000000000004,COCCN1CC2=C(C1)C(NC(=O)c1nnc3ccccc3c1N)=NC=C1COC1C2,420.19098862799996,1.2853,3,9,224
225,225,3,6422,N(C(=O)c1nnc2ccccc2c1N)c1ncc2C(CNCC12)C(C)(C)C,1.0,37,106.4,1,176.13134851200002,1.8086000000000009,CC(C)(C)C1CNCC2C1=CN=C2NC(=O)c1nnc2ccccc2c1N,364.201159388,2.1195000000000004,4,7,225
226,226,4,9124,N(C(=O)c1nnc2ccccc2c1N)c1ncc2COC(C)CCN2CC1,1.0,39,144.7,1,178.110613068,1.3853,CC1CCN2CCC(NC(=O)c3nnc4ccccc4c3N)=NC=C2CO1,366.180423944,1.6962,3,8,226
227,227,3,3401,N(C(=O)c1nnc2ccccc2c1N)c1ncc2CN(CC)CC(=O)c2c1C,1.0,38,56.8,1,188.094963004,1.8750200000000008,CCN1CC(=O)c2c(cnc(NC(=O)c3nnc4ccccc4c3N)c2C)C1,376.16477388,2.1859200000000003,3,8,227
228,228,4,4091,N(C(=O)c1nnc2ccccc2c1N)c1ncc2CC(=O)CCCOc2c1,1.0,36,64.0,1,175.06332852799997,1.8326,Nc1c(C(=O)Nc2cc3c(cn2)CC(=O)CCCO3)nnc2ccccc12,363.13313940399996,2.1434999999999995,3,8,228
229,229,2,49,N(C(=O)c1nnc2ccccc2c1N)c1cccc(c1)N1CCN(C)CC1,1.0,25,1.1,1,174.11569844800002,1.9052,CN1CCN(c2cccc(NC(=O)c3nnc4ccccc4c3N)c2)CC1,362.185509324,2.2161,3,7,229
230,230,4,4917,N(C(=O)c1nnc2ccccc2c1N)c1ncc2CN(CC)OCC=Nc2c1,1.0,40,78.1,1,189.09021197200005,2.0178000000000007,CCN1Cc2cnc(NC(=O)c3nnc4ccccc4c3N)cc2N=CCO1,377.16002284800004,2.3287000000000004,3,9,230
231,231,3,10020,N(C(=O)c1nnc2ccccc2c1N)c1ncc2COC2Cc2c1C(CN(C)C)C2,1.0,42,163.1,1,216.126263132,1.5939,CN(C)CC1CC2=C1C(NC(=O)c1nnc3ccccc3c1N)=NC=C1COC1C2,404.196074008,1.9048,3,8,231
232,232,4,6075,N(C(=O)c1nnc2ccccc2c1N)c1ncc2CN(CC)OCCCCn12,1.0,40,95.2,1,193.12151210000005,1.8972,CCN1Cc2cnc(NC(=O)c3nnc4ccccc4c3N)n2CCCCO1,381.19132297600004,2.2081,3,9,232
233,233,1,2632,N(C(=O)c1nnc2ccccc2c1N)c1ncc2CC(=O)COCCc2c1,1.0,36,47.1,1,175.06332852799997,1.2327,Nc1c(C(=O)Nc2cc3c(cn2)CC(=O)COCC3)nnc2ccccc12,363.13313940399996,1.5435999999999996,3,8,233
234,234,1,1214,N(C(=O)c1nnc2ccccc2c1N)c1ncc2OCN(c2c1)CC(F)F,1.0,37,21.2,1,184.04481925200005,1.9698000000000009,Nc1c(C(=O)Nc2cc3c(cn2)OCN3CC(F)F)nnc2ccccc12,372.11463012800004,2.2807000000000004,3,8,234
235,235,3,9596,N(C(=O)c1nnc2ccccc2c1N)c1ncc2COC2Cc2c1C(N2)(C)C,1.0,43,156.5,1,188.094963004,1.3517,CC1(C)NC2=C1C(NC(=O)c1nnc3ccccc3c1N)=NC=C1COC1C2,376.16477388,1.6626,4,8,235
236,236,4,811,N(C(=O)c1nnc2ccccc2c1N)c1nc(OCC)c2c(c1)CCOC2,1.0,33,14.7,1,177.07897859200003,2.0198000000000005,CCOc1nc(NC(=O)c2nnc3ccccc3c2N)cc2c1COCC2,365.148789468,2.3307,3,8,236
237,237,2,9656,N(C(=O)c1nnc2ccccc2c1N)c1ncc2CC(=O)N(Cc2c1C)Cl,1.0,42,152.2,1,194.024690524,1.8953200000000003,Cc1c(NC(=O)c2nnc3ccccc3c2N)ncc2c1CN(Cl)C(=O)C2,382.0945014,2.20622,3,8,237
238,238,1,1326,N(C(=O)c1nnc2ccccc2c1N)c1ncc2OC(C(F)(F)F)c2n1,1.0,35,23.7,1,174.00409731200008,1.9392,Nc1c(C(=O)Nc2ncc3c(n2)C(C(F)(F)F)O3)nnc2ccccc12,362.0739081880001,2.2500999999999998,3,8,238
239,239,3,6178,N(C(=O)c1nnc2ccccc2c1N)c1ncc2CN(C(=O)C2)c2cc(F)cc(c12)F,1.0,47,102.0,1,232.044819252,1.990100000000001,Nc1c(C(=O)NC2=NC=C3CC(=O)N(C3)c3cc(F)cc(F)c32)nnc2ccccc12,420.114630128,2.301000000000001,3,8,239
240,240,2,5847,N(C(=O)c1nnc2ccccc2c1N)c1ncc2COC2Cc2c1N(C(C)=O)C2,1.0,42,96.5,1,202.07422756,0.8320000000000004,CC(=O)N1CC2=C1C(NC(=O)c1nnc3ccccc3c1N)=NC=C1COC1C2,390.14403843599996,1.1429000000000002,3,9,240
241,241,2,10672,N(C(=O)c1nnc2ccccc2c1N)c1ncc2CC(C)(CCn2c1=O)C,1.0,38,166.6,1,176.094963004,1.6825,CC1(C)CCn2c(cnc(NC(=O)c3nnc4ccccc4c3N)c2=O)C1,364.16477388,1.9933999999999998,3,8,241
242,242,2,6298,N(C(=O)c1nnc2ccccc2c1N)c1ncc2COC2Cc2c1OCCN(C)C2,1.0,42,103.5,1,218.105527688,0.9319000000000004,CN1CCOC2=C(CC3OCC3=CN=C2NC(=O)c2nnc3ccccc3c2N)C1,406.17533856399996,1.2428000000000001,3,9,242
243,243,2,1464,N(C(=O)c1nnc2ccccc2c1N)c1nc(=O)cc(cc1)N1CCCC1,1.0,35,24.4,1,174.07931294000005,1.5088,Nc1c(C(=O)Nc2ccc(N3CCCC3)cc(=O)n2)nnc2ccccc12,362.14912381600004,1.8196999999999999,3,8,243
244,244,1,795,N(C(=O)c1nnc2ccccc2c1N)c1ncc2C(CN(C)C(=O)c2c1C)C,1.0,33,15.0,1,188.094963004,2.04592,Cc1c(NC(=O)c2nnc3ccccc3c2N)ncc2c1C(=O)N(C)CC2C,376.16477388,2.35682,3,8,244
245,245,2,5254,N(C(=O)c1nnc2ccccc2c1N)c1ncc2COC2Cc2c1OCC2,1.0,39,85.3,1,175.06332852799997,1.3902000000000003,Nc1c(C(=O)NC2=NC=C3COC3CC3=C2OCC3)nnc2ccccc12,363.13313940399996,1.7011000000000003,3,8,245
246,246,4,3844,N(C(=O)c1nnc2ccccc2c1N)c1ncc2CN(C(=O)C)CCCn12,1.0,42,60.3,1,177.09021197200005,1.1021,CC(=O)N1CCCn2c(cnc2NC(=O)c2nnc3ccccc3c2N)C1,365.16002284800004,1.413,3,9,246
247,247,2,1989,N(C(=O)c1nnc2ccccc2c1N)c1ncc2CN(C)C(=O)C12C(C)(C)C,1.0,37,32.4,1,190.110613068,1.4314000000000004,CN1CC2=CN=C(NC(=O)c3nnc4ccccc4c3N)C2(C(C)(C)C)C1=O,378.180423944,1.7423000000000002,3,8,247
248,248,2,4019,N(C(=O)c1nnc2ccccc2c1N)c1ncc2OCOC2(COC)CC1(C)C,1.0,41,68.1,1,209.10519334,1.6902,COCC12CC(C)(C)C(NC(=O)c3nnc4ccccc4c3N)=NC=C1OCO2,397.175004216,2.0010999999999997,3,9,248
249,249,4,8403,N(C(=O)c1nnc2ccccc2c1N)c1ncc2CN(C)C(=O)CC12CN1CCCC1,1.0,42,132.9,1,231.13716216400005,0.8711999999999999,CN1CC2=CN=C(NC(=O)c3nnc4ccccc4c3N)C2(CN2CCCC2)CC1=O,419.20697304000004,1.1820999999999997,3,9,249
250,250,2,5693,N(C(=O)c1nnc2ccccc2c1N)c1ncc2COC2Cc2c1N(CC(C)C)C2,1.0,41,93.6,1,216.126263132,1.941500000000001,CC(C)CN1CC2=C1C(NC(=O)c1nnc3ccccc3c1N)=NC=C1COC1C2,404.196074008,2.2524000000000006,3,8,250
251,251,1,1057,N(C(=O)c1nnc2ccccc2c1N)c1ncc2OCN(C(=O)c2c1)CC,1.0,35,19.0,1,176.05857749600003,1.3603999999999998,CCN1COc2cnc(NC(=O)c3nnc4ccccc4c3N)cc2C1=O,364.128388372,1.6712999999999998,3,9,251
252,252,3,8795,N(C(=O)c1nnc2ccccc2c1N)c1ncc2COC2Cc2c1OCOC2OC,1.0,43,146.0,1,221.06880783199992,0.9467000000000002,COC1OCOC2=C1CC1OCC1=CN=C2NC(=O)c1nnc2ccccc2c1N,409.1386187079999,1.2576,3,10,252
253,253,1,8935,N(C(=O)c1nnc2ccccc2c1N)c1ncc2CCN(C(=O)C)Cc2c1C,1.0,40,162.0,1,188.094963004,1.7614200000000002,CC(=O)N1CCc2cnc(NC(=O)c3nnc4ccccc4c3N)c(C)c2C1,376.16477388,2.07232,3,8,253
254,254,1,4450,N(C(=O)c1nnc2ccccc2c1N)c1ncc2C(CN3COCCc3n1)CC2,1.0,35,79.7,1,203.10586203600005,1.3727,Nc1c(C(=O)NC2=NC=C3CCC3CN3COCCC3=N2)nnc2ccccc12,391.17567291200004,1.6836,3,9,254
255,255,2,7110,N(C(=O)c1nnc2ccccc2c1N)c1ncc2COC2Cc2c1cncc2C,1.0,42,117.9,1,198.07931294,1.6199200000000005,Cc1cncc2c1CC1OCC1=CN=C2NC(=O)c1nnc2ccccc2c1N,386.149123816,1.9308200000000002,3,8,255
256,256,4,8998,N(C(=O)c1nnc2ccccc2c1N)c1ncc2CN(CCCN2CCCC1)C(=O)C,1.0,42,143.1,1,233.15281222800004,1.6089000000000002,CC(=O)N1CCCN2CCCCC(NC(=O)c3nnc4ccccc4c3N)=NC=C2C1,421.22262310400004,1.9198,3,9,256
257,257,2,5286,N(C(=O)c1nnc2ccccc2c1N)c1ncc2COC2Cc2cc(ccc12)OC,1.0,40,86.5,1,213.078978592,1.925100000000001,COc1ccc2c(c1)CC1OCC1=CN=C2NC(=O)c1nnc2ccccc2c1N,401.14878946799996,2.2360000000000007,3,8,257
258,258,4,2508,N(C(=O)c1nnc2ccccc2c1N)c1ncc2CN(C(=O)CCn12)CC,1.0,41,40.7,1,177.09021197200005,1.1021,CCN1Cc2cnc(NC(=O)c3nnc4ccccc4c3N)n2CCC1=O,365.16002284800004,1.413,3,9,258
259,259,4,678,N(C(=O)c1nnc2ccccc2c1N)c1nc(c(nc1C1CN(C)C1)C)C,1.0,31,12.6,1,175.11094741600002,1.5892400000000002,Cc1nc(NC(=O)c2nnc3ccccc3c2N)c(C2CN(C)C2)nc1C,363.180758292,1.9001400000000002,3,8,259
260,260,1,5034,N(C(=O)c1nnc2ccccc2c1N)c1ncc2CN(C(=O)c2c1)C1CC1,1.0,44,90.6,1,172.063662876,1.6666000000000003,Nc1c(C(=O)Nc2cc3c(cn2)CN(C2CC2)C3=O)nnc2ccccc12,360.133473752,1.9775,3,8,260
261,261,2,5380,N(C(=O)c1nnc2ccccc2c1N)c1ncc2COC2Cc2c1COC(=O)C2,1.0,40,88.1,1,203.058243148,0.9593000000000002,Nc1c(C(=O)NC2=NC=C3COC3CC3=C2COC(=O)C3)nnc2ccccc12,391.12805402399994,1.2702,3,9,261
262,262,3,8389,N(C(=O)c1nnc2ccccc2c1N)c1ncc2COC2Cc2c1C(N)CCC2,1.0,41,139.3,1,202.110613068,1.5236000000000005,Nc1c(C(=O)NC2=NC=C3COC3CC3=C2C(N)CCC3)nnc2ccccc12,390.180423944,1.8345000000000002,5,8,262
263,263,1,2827,N(C(=O)c1nnc2ccccc2c1N)c1ncc2CN(C)CCC(=O)c2c1F,1.0,38,50.7,1,192.069891128,1.7057000000000002,CN1CCC(=O)c2c(cnc(NC(=O)c3nnc4ccccc4c3N)c2F)C1,380.139702004,2.0166,3,8,263
264,264,3,8476,N(C(=O)c1nnc2ccccc2c1N)c1ncc2COC2Cc2c1OCCN(CC2)C,1.0,42,140.8,1,232.121177752,1.322,CN1CCOC2=C(CC1)CC1OCC1=CN=C2NC(=O)c1nnc2ccccc2c1N,420.19098862799996,1.6329,3,9,264
265,265,1,2130,N(C(=O)c1nnc2ccccc2c1N)c1ncc2CN(CCc2n1)CC(F)(F)F,1.0,39,39.4,1,215.06703191600005,1.8638,Nc1c(C(=O)Nc2ncc3c(n2)CCN(CC(F)(F)F)C3)nnc2ccccc12,403.13684279200004,2.1746999999999996,3,8,265
266,266,1,5200,N(C(=O)c1nnc2ccccc2c1N)c1ncc2CN(C)CCOCCC12,1.0,41,94.0,1,178.110613068,0.8952000000000001,CN1CCOCCC2C(=CN=C2NC(=O)c2nnc3ccccc3c2N)C1,366.180423944,1.2061,3,8,266
267,267,3,10532,N(C(=O)c1nnc2ccccc2c1N)c1ncc2COC2CCOCC1(C)C,1.0,40,172.7,1,193.11027872,1.7586000000000004,CC1(C)COCCC2OCC2=CN=C1NC(=O)c1nnc2ccccc2c1N,381.18008959599996,2.0695,3,8,267
268,268,2,7722,N(C(=O)c1nnc2ccccc2c1N)c1ncc2COC2Cc2c1COCCO2,1.0,42,123.9,1,205.073893212,1.0167000000000006,Nc1c(C(=O)NC2=NC=C3COC3CC3=C2COCCO3)nnc2ccccc12,393.14370408799994,1.3276000000000003,3,9,268
269,269,2,6748,N(C(=O)c1nnc2ccccc2c1N)c1ncc2COC2Cc2c1c(cn2C)OC,1.0,42,111.8,1,216.089877624,1.2636000000000005,COc1cn(C)c2c1C(NC(=O)c1nnc3ccccc3c1N)=NC=C1COC1C2,404.15968849999996,1.5745,3,9,269
270,270,2,11545,N(C(=O)c1nnc2ccccc2c1N)c1ncc2COC2Cc2c1CN2C(C)C,1.0,42,179.3,1,202.110613068,1.6939000000000006,CC(C)N1CC2=C1CC1OCC1=CN=C2NC(=O)c1nnc2ccccc2c1N,390.180423944,2.0048000000000004,3,8,270
271,271,1,4945,N(C(=O)c1nnc2ccccc2c1N)c1ncc2OCCN(CCc2c1)C,1.0,37,89.7,1,176.09496300400005,1.4150999999999998,CN1CCOc2cnc(NC(=O)c3nnc4ccccc4c3N)cc2CC1,364.16477388000004,1.7259999999999998,3,8,271
272,272,2,6571,N(C(=O)c1nnc2ccccc2c1N)c1ncc2COC2CCOCCC1=O,1.0,39,108.7,1,193.073893212,0.6916000000000003,Nc1c(C(=O)NC2=NC=C3COC3CCOCCC2=O)nnc2ccccc12,381.14370408799994,1.0025000000000002,3,9,272
273,273,1,2428,N(C(=O)c1nnc2ccccc2c1N)c1ncc2CN(CCc2c1OC)C,1.0,39,43.8,1,176.094963004,1.5449000000000002,COc1c(NC(=O)c2nnc3ccccc3c2N)ncc2c1CCN(C)C2,364.16477388,1.8558,3,8,273
274,274,1,68,N(C(=O)c1nnc2ccccc2c1N)c1ccc(cc1)N1CCN(CC1)C,1.0,27,1.7,1,174.11569844800002,1.9052,CN1CCN(c2ccc(NC(=O)c3nnc4ccccc4c3N)cc2)CC1,362.185509324,2.2161,3,7,274
275,275,1,7549,N(C(=O)c1nnc2ccccc2c1N)c1ncc2OCCN(CC)Cc2c1F,1.0,38,136.6,1,194.08554119200008,1.9018,CCN1CCOc2cnc(NC(=O)c3nnc4ccccc4c3N)c(F)c2C1,382.15535206800007,2.2127,3,8,275
276,276,3,10867,N(C(=O)c1nnc2ccccc2c1N)c1ncc2COC2Cc2c1n2CCO,1.0,43,178.5,1,190.07422756,0.2353000000000004,Nc1c(C(=O)NC2=NC=C3COC3CC3=C2N3CCO)nnc2ccccc12,378.14403843599996,0.5462000000000002,4,9,276
277,277,3,400,N(C(=O)c1nnc2ccccc2c1N)c1cc(cs1)CN1CCOCC1,1.0,28,6.9,1,181.056134972,2.047100000000001,Nc1c(C(=O)Nc2cc(CN3CCOCC3)cs2)nnc2ccccc12,369.125945848,2.3580000000000005,3,7,277
278,278,3,8664,N(C(=O)c1nnc2ccccc2c1N)c1ncc2COC2Cc2c1COC(C)(C)OC2,1.0,41,143.7,1,233.10519334,1.7953000000000006,CC1(C)OCC2=C(CO1)C(NC(=O)c1nnc3ccccc3c1N)=NC=C1COC1C2,421.17500421599993,2.1062000000000003,3,9,278
279,279,4,3013,N(C(=O)c1nnc2ccccc2c1N)c1ncc2CN(CCCN2CCN(C)CC1)C,1.0,38,48.7,1,234.18444670400007,0.8438000000000013,CN1CCC(NC(=O)c2nnc3ccccc3c2N)=NC=C2CN(C)CCCN2CC1,422.25425758000006,1.1547000000000012,3,9,279
280,280,4,9490,N(C(=O)c1nnc2ccccc2c1N)c1ncc2CN(CCN(CCn12)C)C,1.0,40,150.3,1,192.13749651200007,0.7270999999999997,CN1CCN(C)Cc2cnc(NC(=O)c3nnc4ccccc4c3N)n2CC1,380.20730738800006,1.0379999999999996,3,9,280
281,281,2,9014,N(C(=O)c1nnc2ccccc2c1N)c1ncc2COC2Cc2c1OCOC2(C)C,1.0,44,144.1,1,219.089543276,1.7528000000000006,CC1(C)OCOC2=C1CC1OCC1=CN=C2NC(=O)c1nnc2ccccc2c1N,407.15935415199993,2.0637000000000003,3,9,281
282,282,3,2816,N(C(=O)c1nnc2ccccc2c1N)c1ncc2CN(C(=O)C2)c2cccc(c12)C,1.0,41,45.4,1,210.07931294,2.020320000000001,Cc1cccc2c1C(NC(=O)c1nnc3ccccc3c1N)=NC=C1CC(=O)N2C1,398.149123816,2.331220000000001,3,8,282
283,283,3,1392,N(C(=O)c1nnc2ccccc2c1N)c1ncc2CN(CCN(C)CCc2c1)C,1.0,36,19.2,1,203.14224754400007,1.4680999999999995,CN1CCc2cc(NC(=O)c3nnc4ccccc4c3N)ncc2CN(C)CC1,391.21205842000006,1.7789999999999997,3,8,283
284,284,3,8716,N(C(=O)c1nnc2ccccc2c1N)c1ncc2COC2Cc2c1OC(NC)C2,1.0,43,144.8,1,204.089877624,0.9357,CNC1CC2=C(O1)C(NC(=O)c1nnc3ccccc3c1N)=NC=C1COC1C2,392.15968849999996,1.2466,4,9,284
285,285,1,701,N(C(=O)c1nnc2ccccc2c1N)c1ncc2CN(CCc2n1)CC(C)C,1.0,33,12.9,1,189.12659748000007,1.9575,CC(C)CN1CCc2nc(NC(=O)c3nnc4ccccc4c3N)ncc2C1,377.19640835600006,2.2683999999999997,3,8,285
286,286,3,7025,N(C(=O)c1nnc2ccccc2c1N)c1ncc2CN(CCCOCCn12)C,1.0,39,117.2,1,193.12151210000005,1.2019999999999995,CN1CCCOCCn2c(cnc2NC(=O)c2nnc3ccccc3c2N)C1,381.19132297600004,1.5128999999999995,3,9,286
287,287,3,4742,N(C(=O)c1nnc2ccccc2c1N)c1ncc2CN(CCN2C)C(=O)C1,1.0,39,77.7,1,177.09021197200005,0.0485000000000001,CN1CCN2CC1=CN=C(NC(=O)c1nnc3ccccc3c1N)CC2=O,365.16002284800004,0.35939999999999994,3,9,287
288,288,1,1785,N(C(=O)c1nnc2ccccc2c1N)c1ncc2CN(C)C(C)(C)Cc2n1,1.0,37,33.3,1,175.11094741600007,1.7099000000000002,CN1Cc2cnc(NC(=O)c3nnc4ccccc4c3N)nc2CC1(C)C,363.18075829200006,2.0208,3,8,288
289,289,3,9532,N(C(=O)c1nnc2ccccc2c1N)c1ncc2COC2Cc2c1OCOCCC2,1.0,44,156.2,1,219.089543276,1.7544000000000004,Nc1c(C(=O)NC2=NC=C3COC3CC3=C2OCOCCC3)nnc2ccccc12,407.15935415199993,2.0653,3,9,289
290,290,1,4818,N(C(=O)c1nnc2ccccc2c1N)c1ncc2C(CN3CCCCC3)c2n1,1.0,36,86.9,1,187.11094741600007,1.8746000000000005,Nc1c(C(=O)Nc2ncc3c(n2)C3CN2CCCCC2)nnc2ccccc12,375.18075829200006,2.1855,3,8,290
291,291,1,674,N(C(=O)c1nnc2ccccc2c1N)c1ncc2OCCN(Cc2c1)CC,1.0,31,12.4,1,176.09496300400005,1.7627000000000002,CCN1CCOc2cnc(NC(=O)c3nnc4ccccc4c3N)cc2C1,364.16477388000004,2.0736,3,8,291
292,292,1,824,N(C(=O)c1nnc2ccccc2c1N)c1ncc2OC(=O)N(C)Cc2c1C,1.0,33,15.4,1,176.05857749600003,1.8010199999999998,Cc1c(NC(=O)c2nnc3ccccc3c2N)ncc2c1CN(C)C(=O)O2,364.128388372,2.1119199999999996,3,9,292
293,293,4,4618,N(C(=O)c1nnc2ccccc2c1N)c1ncc2CCSCC(=O)c2c1,1.0,35,72.2,1,177.02483484400005,2.0204,Nc1c(C(=O)Nc2cc3c(cn2)CCSCC3=O)nnc2ccccc12,365.09464572,2.3312999999999997,3,7,293
294,294,2,3159,N(C(=O)c1nnc2ccccc2c1N)c1ncc2COC2Cc2c1cnn2C(C)C,1.0,35,51.5,1,215.10586203600005,1.6939000000000002,CC(C)n1ncc2c1CC1OCC1=CN=C2NC(=O)c1nnc2ccccc2c1N,403.17567291200004,2.0048,3,9,294
295,295,3,2551,N(C(=O)c1nnc2ccccc2c1N)c1ncc2CN(C(=O)C2)c2ccc(cc12)C,1.0,40,40.8,1,210.07931294,2.020320000000001,Cc1ccc2c(c1)C(NC(=O)c1nnc3ccccc3c1N)=NC=C1CC(=O)N2C1,398.149123816,2.331220000000001,3,8,295
296,296,1,3379,N(C(=O)c1nnc2ccccc2c1N)c1ncc2CN(C)CCOCCc2c1C,1.0,39,59.1,1,204.126263132,1.86132,Cc1c(NC(=O)c2nnc3ccccc3c2N)ncc2c1CCOCCN(C)C2,392.196074008,2.1722199999999994,3,8,296
297,297,4,6895,N(C(=O)c1nnc2ccccc2c1N)c1ncc2CN(CCN2CCN(C)CC1)Cl,1.0,40,108.0,1,240.1141742240001,0.9777000000000003,CN1CCC(NC(=O)c2nnc3ccccc3c2N)=NC=C2CN(Cl)CCN2CC1,428.1839851000001,1.2886000000000002,3,9,297
298,298,2,6797,N(C(=O)c1nnc2ccccc2c1N)c1ncc2COC2Cc2c1CCO2,1.0,41,112.2,1,175.06332852799997,1.3902000000000003,Nc1c(C(=O)NC2=NC=C3COC3CC3=C2CCO3)nnc2ccccc12,363.13313940399996,1.7011000000000003,3,8,298
299,299,2,11182,N(C(=O)c1nnc2ccccc2c1N)c1ncc2COC2Cc2c1CN(C2CC)C,1.0,42,173.2,1,216.126263132,1.7364000000000006,CCC1C2=C(CN1C)C(NC(=O)c1nnc3ccccc3c1N)=NC=C1COC1C2,404.196074008,2.0473000000000003,3,8,299
300,300,3,7640,N(C(=O)c1nnc2ccccc2c1N)c1ncc2COC2Cc2ccnc(c12)C,1.0,38,126.3,1,198.07931294,1.6199200000000005,Cc1nccc2c1C(NC(=O)c1nnc3ccccc3c1N)=NC=C1COC1C2,386.149123816,1.9308200000000002,3,8,300
301,301,1,205,N(C(=O)c1nnc2ccccc2c1N)CN1CCN(CC1)c1ccc(F)cc1,1.0,26,3.9,1,192.106276636,1.5497000000000003,Nc1c(C(=O)NCN2CCN(c3ccc(F)cc3)CC2)nnc2ccccc12,380.176087512,1.8606000000000003,3,7,301
302,302,3,4904,N(C(=O)c1nnc2ccccc2c1N)c1ncc2CN(C(=O)C(C)C)Cn12,1.0,45,80.0,1,177.09021197200005,1.3056,CC(C)C(=O)N1Cc2cnc(NC(=O)c3nnc4ccccc4c3N)n2C1,365.16002284800004,1.6165,3,9,302
303,303,2,2753,N(C(=O)c1nnc2ccccc2c1N)c1ncc2CCN(C)CCCc2c1,1.0,38,46.3,1,174.11569844800002,1.968900000000001,CN1CCCc2cc(NC(=O)c3nnc4ccccc4c3N)ncc2CC1,362.185509324,2.2798000000000007,3,7,303
304,304,2,9143,N(C(=O)c1nnc2ccccc2c1N)c1ncc2CCN(C)CCOc2c1F,1.0,41,145.9,1,194.085541192,1.5541999999999998,CN1CCOc2c(cnc(NC(=O)c3nnc4ccccc4c3N)c2F)CC1,382.155352068,1.8650999999999998,3,8,304
305,305,1,5616,N(C(=O)c1nnc2ccccc2c1N)c1ncc2CC(=O)N(CCC)CCc2c1,1.0,40,101.4,1,202.110613068,1.8856,CCCN1CCc2cc(NC(=O)c3nnc4ccccc4c3N)ncc2CC1=O,390.180423944,2.1964999999999995,3,8,305
306,306,4,1388,N(C(=O)c1nnc2ccccc2c1N)c1ncc2CCSC2(C)CCC(=O)NC1,1.0,34,25.7,1,222.082684068,1.7189000000000003,CC12CCC(=O)NCC(NC(=O)c3nnc4ccccc4c3N)=NC=C1CCS2,410.152494944,2.0298000000000003,4,8,306
307,307,3,9142,N(C(=O)c1nnc2ccccc2c1N)c1ncc2COC2Cc2c1C(N2)COCC,1.0,42,152.5,1,218.105527688,0.9782,CCOCC1NC2=C1C(NC(=O)c1nnc3ccccc3c1N)=NC=C1COC1C2,406.17533856399996,1.2891,4,9,307
308,308,1,2706,N(C(=O)c1nnc2ccccc2c1N)c1ncc2CN(C(=O)c2c1)CCC,1.0,39,48.1,1,174.07931294,1.9142000000000008,CCCN1Cc2cnc(NC(=O)c3nnc4ccccc4c3N)cc2C1=O,362.149123816,2.2251000000000003,3,8,308
309,309,1,4696,N(C(=O)c1nnc2ccccc2c1N)c1ncc2CN(C)C(=O)Cc2c1Cl,1.0,41,84.7,1,194.024690524,1.7163,CN1Cc2cnc(NC(=O)c3nnc4ccccc4c3N)c(Cl)c2CC1=O,382.0945014,2.0271999999999997,3,8,309
310,310,3,8724,N(C(=O)c1nnc2ccccc2c1N)c1ncc2COC2Cc2c1OC(NC)CC2,1.0,43,144.8,1,218.105527688,1.3258,CNC1CCC2=C(O1)C(NC(=O)c1nnc3ccccc3c1N)=NC=C1COC1C2,406.17533856399996,1.6366999999999998,4,9,310
311,311,2,1761,N(C(=O)c1nnc2ccccc2c1N)c1ncc2OC(C(=O)N(C)C)c2c1,1.0,35,28.8,1,176.05857749600003,1.0701,CN(C)C(=O)C1Oc2cnc(NC(=O)c3nnc4ccccc4c3N)cc21,364.128388372,1.381,3,9,311
312,312,2,3564,N(C(=O)c1nnc2ccccc2c1N)c1ncc2CN(C)CCc2c1OCC,1.0,39,58.2,1,190.110613068,1.935,CCOc1c(NC(=O)c2nnc3ccccc3c2N)ncc2c1CCN(C)C2,378.180423944,2.2459,3,8,312
313,313,1,737,N(C(=O)c1nnc2ccccc2c1N)c1ncc2COCCN(C)Cc2c1C,1.0,33,14.0,1,190.110613068,1.81882,Cc1c(NC(=O)c2nnc3ccccc3c2N)ncc2c1CN(C)CCOC2,378.180423944,2.12972,3,8,313
314,314,1,5105,N(C(=O)c1nnc2ccccc2c1N)c1ncc2COC(C)(COC)c2c1,1.0,39,92.3,1,177.07897859199997,1.9402000000000004,COCC1(C)OCc2cnc(NC(=O)c3nnc4ccccc4c3N)cc21,365.14878946799996,2.2511,3,8,314
315,315,3,1100,N(C(=O)c1nnc2ccccc2c1N)c1ncc2CN(CCN(C)C)Cc2c1,1.0,35,14.6,1,189.12659748000007,1.4255999999999998,CN(C)CCN1Cc2cnc(NC(=O)c3nnc4ccccc4c3N)cc2C1,377.19640835600006,1.7364999999999997,3,8,315
316,316,2,5351,N(C(=O)c1nnc2ccccc2c1N)c1ncc2COC2Cc2c1N(CC)C2,1.0,40,87.6,1,188.094963004,1.3054000000000006,CCN1CC2=C1C(NC(=O)c1nnc3ccccc3c1N)=NC=C1COC1C2,376.16477388,1.6163000000000005,3,8,316
317,317,2,6283,N(C(=O)c1nnc2ccccc2c1N)c1ncc2COC2Cc2c1OCCS2,1.0,42,103.5,1,207.035399528,1.6908000000000007,Nc1c(C(=O)NC2=NC=C3COC3CC3=C2OCCS3)nnc2ccccc12,395.105210404,2.0017000000000005,3,8,317
318,318,4,11122,N(C(=O)c1nnc2ccccc2c1N)c1ncc2CN(C)CC=N\C2(C)C1,1.0,41,169.8,1,175.11094741600007,1.0919000000000003,CN1CC=NC2(C)CC(NC(=O)c3nnc4ccccc4c3N)=NC=C2C1,363.18075829200006,1.4028,3,8,318
319,319,3,617,N(C(=O)c1nnc2ccccc2c1N)c1cn2CCN(C(=O)c2c1F)C(C)C,1.0,30,9.0,1,194.085541192,1.9582,CC(C)N1CCn2cc(NC(=O)c3nnc4ccccc4c3N)c(F)c2C1=O,382.155352068,2.2691,3,8,319
320,320,2,2917,N(C(=O)c1nnc2ccccc2c1N)c1ncc2CCCC(=O)N(c2c1)C,1.0,34,47.5,1,174.07931294,1.8475000000000008,CN1C(=O)CCCc2cnc(NC(=O)c3nnc4ccccc4c3N)cc21,362.149123816,2.1584000000000003,3,8,320
321,321,2,9466,N(C(=O)c1nnc2ccccc2c1N)c1ncc2CCN(C)CC=N\c2c1F,1.0,42,149.5,1,191.08587554000005,1.8777000000000004,CN1CC=Nc2c(cnc(NC(=O)c3nnc4ccccc4c3N)c2F)CC1,379.15568641600004,2.1886,3,8,321
322,322,2,10707,N(C(=O)c1nnc2ccccc2c1N)c1ncc2OCCC(F)(F)Cc2n1,1.0,35,167.1,1,184.04481925200005,1.9037,Nc1c(C(=O)Nc2ncc3c(n2)CC(F)(F)CCO3)nnc2ccccc12,372.11463012800004,2.2146,3,8,322
323,323,1,1439,N(C(=O)c1nnc2ccccc2c1N)c1ncc2CCCN(CCc2c1)C,1.0,33,26.4,1,174.11569844800002,1.9689,CN1CCCc2cnc(NC(=O)c3nnc4ccccc4c3N)cc2CC1,362.185509324,2.2798,3,7,323
324,324,1,8123,N(C(=O)c1nnc2ccccc2c1N)c1ncc2C(=O)N(Cc2c1)C(C)C,1.0,44,148.4,1,174.07931294,1.9126000000000007,CC(C)N1Cc2cc(NC(=O)c3nnc4ccccc4c3N)ncc2C1=O,362.149123816,2.2235000000000005,3,8,324
325,325,2,7710,N(C(=O)c1nnc2ccccc2c1N)c1ncc2COC2Cc2c1OC(C2=O)C,1.0,44,123.7,1,203.058243148,0.9577000000000004,CC1OC2=C(CC3OCC3=CN=C2NC(=O)c2nnc3ccccc3c2N)C1=O,391.12805402399994,1.2686000000000002,3,9,325
326,326,1,1863,N(C(=O)c1nnc2ccccc2c1N)c1ncc2CN(C)CC(=O)c2c1C,1.0,37,35.3,1,174.07931294,1.4849200000000002,Cc1c(NC(=O)c2nnc3ccccc3c2N)ncc2c1C(=O)CN(C)C2,362.149123816,1.79582,3,8,326
327,327,2,11193,N(C(=O)c1nnc2ccccc2c1N)c1ncc2COC2Cc2c1CN(CC2)C,1.0,43,173.8,1,202.110613068,1.3479,CN1CCC2=C(C1)C(NC(=O)c1nnc3ccccc3c1N)=NC=C1COC1C2,390.180423944,1.6588,3,8,327
328,328,3,4175,N(C(=O)c1nnc2ccccc2c1N)c1ncc2CN(C)CC(c2n1)CC,1.0,39,70.1,1,175.11094741600007,1.8824,CCC1CN(C)Cc2cnc(NC(=O)c3nnc4ccccc4c3N)nc21,363.18075829200006,2.1933,3,8,328
329,329,1,7031,N(C(=O)c1nnc2ccccc2c1N)c1ncc2CN(C)CC=CN(C)Cn12,1.0,40,127.3,1,190.12184644800007,1.1982999999999997,CN1C=CCN(C)Cc2cnc(NC(=O)c3nnc4ccccc4c3N)n2C1,378.19165732400006,1.5091999999999997,3,9,329
330,330,2,8210,N(C(=O)c1nnc2ccccc2c1N)c1ncc2CN(C)C(c2c1)C(=O)C,1.0,40,131.9,1,174.07931294,1.6239,CC(=O)C1c2cc(NC(=O)c3nnc4ccccc4c3N)ncc2CN1C,362.149123816,1.9347999999999999,3,8,330
331,331,4,8932,N(C(=O)c1nnc2ccccc2c1N)c1ncc2CN(C(=O)C)CCC12C,1.0,43,142.4,1,176.094963004,1.1854000000000005,CC(=O)N1CCC2(C)C(=CN=C2NC(=O)c2nnc3ccccc3c2N)C1,364.16477388,1.4963000000000002,3,8,331
332,332,1,1692,N(C(=O)c1nnc2ccccc2c1N)c1ncc2CN(CCC(=O)c2c1)C,1.0,36,31.8,1,174.07931294,1.5666000000000002,CN1CCC(=O)c2cc(NC(=O)c3nnc4ccccc4c3N)ncc2C1,362.149123816,1.8775,3,8,332
333,333,1,3747,N(C(=O)c1nnc2ccccc2c1N)c1ncc2COCCCc2c1OC,1.0,36,66.1,1,177.07897859199997,2.0198000000000005,COc1c(NC(=O)c2nnc3ccccc3c2N)ncc2c1CCCOC2,365.14878946799996,2.3307,3,8,333
334,334,2,8566,N(C(=O)c1nnc2ccccc2c1N)c1ncc2CN(CC)CC(=O)c2c1,1.0,38,137.9,1,174.07931294,1.5666000000000002,CCN1CC(=O)c2cc(NC(=O)c3nnc4ccccc4c3N)ncc2C1,362.149123816,1.8775,3,8,334
335,335,1,1025,N(C(=O)c1nnc2ccccc2c1N)c1ncc2CN(C(=O)C)Cc2c1C,1.0,35,18.4,1,174.07931294,1.7189200000000002,CC(=O)N1Cc2cnc(NC(=O)c3nnc4ccccc4c3N)c(C)c2C1,362.149123816,2.02982,3,8,335
336,336,2,7617,N(C(=O)c1nnc2ccccc2c1N)c1ncc2COC2Cc2c1N(C12)CC1,1.0,43,122.4,1,186.07931294,1.0578000000000007,Nc1c(C(=O)NC2=NC=C3COC3CC3=C2N2CCC32)nnc2ccccc12,374.149123816,1.3687000000000005,3,8,336
337,337,4,8666,N(C(=O)c1nnc2ccccc2c1N)c1ncc2CN(C(=O)C(C)(C)CCn12)C,1.0,47,137.9,1,205.12151210000005,1.7382,CN1Cc2cnc(NC(=O)c3nnc4ccccc4c3N)n2CCC(C)(C)C1=O,393.19132297600004,2.0490999999999997,3,9,337
338,338,3,681,N(C(=O)c1nnc2ccccc2c1N)CNC(=O)c1ccc(Cl)s1,1.0,27,9.4,1,172.970212428,1.7333000000000005,Nc1c(C(=O)NCNC(=O)c2ccc(Cl)s2)nnc2ccccc12,361.040023304,2.0442,4,7,338
339,339,2,5209,N(C(=O)c1nnc2ccccc2c1N)c1ncc2COC2Cc2c1NCCC2,1.0,37,84.4,1,188.094963004,1.3533,Nc1c(C(=O)NC2=NC=C3COC3CC3=C2NCCC3)nnc2ccccc12,376.16477388,1.6642,4,8,339
340,340,1,8823,N(C(=O)c1nnc2ccccc2c1N)c1ncc2CCN(C)CC=Nc2c1C,1.0,38,158.9,1,187.11094741600007,2.0470200000000003,Cc1c(NC(=O)c2nnc3ccccc3c2N)ncc2c1N=CCN(C)CC2,375.18075829200006,2.35792,3,8,340
341,341,1,9001,N(C(=O)c1nnc2ccccc2c1N)c1ncc2CCN(C(=O)N(C)c2c1)C,1.0,41,162.5,1,189.09021197200005,1.5924999999999998,CN1CCc2cnc(NC(=O)c3nnc4ccccc4c3N)cc2N(C)C1=O,377.16002284800004,1.9033999999999998,3,9,341
342,342,2,9874,N(C(=O)c1nnc2ccccc2c1N)c1ncc2CC(=O)N(C)CC(c2c1)C,1.0,43,155.3,1,188.094963004,1.6664,CC1CN(C)C(=O)Cc2cnc(NC(=O)c3nnc4ccccc4c3N)cc21,376.16477388,1.9772999999999998,3,8,342
343,343,1,7453,N(C(=O)c1nnc2ccccc2c1N)c1ncc2CN(C)CCCOCn12,1.0,39,134.5,1,179.10586203600005,1.1594999999999995,CN1CCCOCn2c(cnc2NC(=O)c2nnc3ccccc3c2N)C1,367.17567291200004,1.4703999999999995,3,9,343
344,344,2,6308,N(C(=O)c1nnc2ccccc2c1N)c1ncc2COC2Cc2c1OCC=N2,1.0,42,103.5,1,188.058577496,1.0284000000000004,Nc1c(C(=O)NC2=NC=C3COC3CC3=C2OCC=N3)nnc2ccccc12,376.12838837199996,1.3393000000000002,3,9,344
345,345,4,2511,N(C(=O)c1nnc2ccccc2c1N)c1ncc2CN(C(=O)CCn2c1=C)CC,1.0,41,40.7,1,203.10586203600005,0.9523000000000004,C=C1C(NC(=O)c2nnc3ccccc3c2N)=NC=C2CN(CC)C(=O)CCN12,391.17567291200004,1.2632000000000003,3,9,345
346,346,3,4157,N(C(=O)c1nnc2ccccc2c1N)c1ncc2CN(C(=O)CC(C)c2c1)C,1.0,43,69.9,1,188.094963004,2.0140000000000007,CC1CC(=O)N(C)Cc2cnc(NC(=O)c3nnc4ccccc4c3N)cc21,376.16477388,2.3249000000000004,3,8,346
347,347,3,4511,N(C(=O)c1nnc2ccccc2c1N)c1ncc2CN(C(=O)C(C)C)c2n1,1.0,44,74.1,1,175.07456190800005,1.4460000000000002,CC(C)C(=O)N1Cc2cnc(NC(=O)c3nnc4ccccc4c3N)nc21,363.14437278400004,1.7569,3,9,347
348,348,1,4751,N(C(=O)c1nnc2ccccc2c1N)c1ncc2CN(C(=O)c2c1F)CC,1.0,42,85.9,1,178.05424106400002,1.6631999999999998,CCN1Cc2cnc(NC(=O)c3nnc4ccccc4c3N)c(F)c2C1=O,366.12405194,1.9740999999999997,3,8,348
349,349,2,5211,N(C(=O)c1nnc2ccccc2c1N)c1ncc2COC2Cc2cc(cnc12)C,1.0,38,84.7,1,198.07931294,1.6199200000000005,Cc1cnc2c(c1)CC1OCC1=CN=C2NC(=O)c1nnc2ccccc2c1N,386.149123816,1.9308200000000002,3,8,349
350,350,1,4843,N(C(=O)c1nnc2ccccc2c1N)c1ncc2C(CSCN2C)CC1,1.0,36,87.6,1,180.07211938400005,1.9169000000000005,CN1CSCC2CCC(NC(=O)c3nnc4ccccc4c3N)=NC=C21,368.14193026000004,2.2278000000000002,3,7,350
351,351,2,6567,N(C(=O)c1nnc2ccccc2c1N)c1ncc2COC2CCOCC(F)(F)C1,1.0,39,108.7,1,215.075785032,1.7578000000000005,Nc1c(C(=O)NC2=NC=C3COC3CCOCC(F)(F)C2)nnc2ccccc12,403.14559590799996,2.0687,3,8,351
352,352,3,9442,N(C(=O)c1nnc2ccccc2c1N)c1ncc2COCCCC(F)(F)C12,1.0,37,155.4,1,185.065220348,1.9888000000000008,Nc1c(C(=O)NC2=NC=C3COCCCC(F)(F)C32)nnc2ccccc12,373.135031224,2.2997000000000005,3,7,352
353,353,1,868,N(C(=O)c1nnc2ccccc2c1N)c1ncc2CN(CC(C)(C)Cc2n1)C,1.0,35,16.8,1,189.12659748000007,1.9575,CN1Cc2cnc(NC(=O)c3nnc4ccccc4c3N)nc2CC(C)(C)C1,377.19640835600006,2.2683999999999997,3,8,353
354,354,2,11640,N(C(=O)c1nnc2ccccc2c1N)c1ncc2CCN(C)CCCCCn12,1.0,40,180.3,1,191.14224754400007,2.0081,CN1CCCCCn2c(cnc2NC(=O)c2nnc3ccccc3c2N)CC1,379.21205842000006,2.319,3,8,354
355,355,2,5213,N(C(=O)c1nnc2ccccc2c1N)c1ncc2COC2Cc2ccncc21,1.0,38,84.7,1,184.063662876,1.3115000000000006,Nc1c(C(=O)NC2=NC=C3COC3Cc3ccncc32)nnc2ccccc12,372.133473752,1.6224000000000003,3,8,355
356,356,1,5622,N(C(=O)c1nnc2ccccc2c1N)c1ncc2CC(=O)N(CC)CCc2c1,1.0,40,101.4,1,188.094963004,1.4955000000000005,CCN1CCc2cc(NC(=O)c3nnc4ccccc4c3N)ncc2CC1=O,376.16477388,1.8064,3,8,356
357,357,1,5254,N(C(=O)c1nnc2ccccc2c1N)c1ncc2CC(=O)CN(C)Cc2c1,1.0,37,94.6,1,174.07931294,1.1054,CN1CC(=O)Cc2cnc(NC(=O)c3nnc4ccccc4c3N)cc2C1,362.149123816,1.4163,3,8,357
358,358,2,9624,N(C(=O)c1nnc2ccccc2c1N)c1ncc2CC(=O)N(C)CC(C)(C)c2c1,1.0,42,152.2,1,202.110613068,1.8405,CN1CC(C)(C)c2cc(NC(=O)c3nnc4ccccc4c3N)ncc2CC1=O,390.180423944,2.1513999999999998,3,8,358
359,359,2,10195,N(C(=O)c1nnc2ccccc2c1N)c1ncc2CN(C)CC=C(C)CC12,1.0,40,158.6,1,174.11569844800002,1.8249000000000009,CC1=CCN(C)CC2=CN=C(NC(=O)c3nnc4ccccc4c3N)C2C1,362.185509324,2.1358000000000006,3,7,359
360,360,4,2268,N(C(=O)c1nnc2ccccc2c1N)c1ncc2CN(C(=O)CC)Cc2c1F,1.0,41,35.9,1,192.069891128,1.9397000000000009,CCC(=O)N1Cc2cnc(NC(=O)c3nnc4ccccc4c3N)c(F)c2C1,380.139702004,2.2506000000000004,3,8,360
361,361,2,5757,N(C(=O)c1nnc2ccccc2c1N)c1ncc2COC2Cc2c1cn(C)c2,1.0,41,94.8,1,186.07931294,1.2550000000000003,Cn1cc2c(c1)C(NC(=O)c1nnc3ccccc3c1N)=NC=C1COC1C2,374.149123816,1.5659,3,8,361
362,362,1,2066,N(C(=O)c1nnc2ccccc2c1N)c1ncc2CN(CC(C)=O)Cc2c1C,1.0,39,38.4,1,188.094963004,1.7614199999999998,CC(=O)CN1Cc2cnc(NC(=O)c3nnc4ccccc4c3N)c(C)c2C1,376.16477388,2.0723199999999995,3,8,362
363,363,1,6612,N(C(=O)c1nnc2ccccc2c1N)c1ncc2CN(C)CC(F)(F)C12,1.0,43,119.0,1,170.06555469600002,1.1238000000000006,CN1CC2=CN=C(NC(=O)c3nnc4ccccc4c3N)C2C(F)(F)C1,358.135365572,1.4347000000000005,3,7,363
364,364,1,4236,N(C(=O)c1nnc2ccccc2c1N)c1ncc2CN(C)CCOc2c1Cl,1.0,39,75.4,1,196.040340588,2.026,CN1CCOc2c(cnc(NC(=O)c3nnc4ccccc4c3N)c2Cl)C1,384.110151464,2.3369,3,8,364
365,365,4,2306,N(C(=O)c1nnc2ccccc2c1N)c1ncc2CN(C(=O)Cc2c1)CC1CC1,1.0,41,36.6,1,200.094963004,1.8431,Nc1c(C(=O)Nc2cc3c(cn2)CN(CC2CC2)C(=O)C3)nnc2ccccc12,388.16477388,2.154,3,8,365
366,366,2,2609,N(C(=O)c1nnc2ccccc2c1N)c1ncc2CN(CCc2c1C#N)CC,1.0,40,43.7,1,185.09529735200007,1.79808,CCN1CCc2c(cnc(NC(=O)c3nnc4ccccc4c3N)c2C#N)C1,373.16510822800007,2.10898,3,8,366
367,367,1,6876,N(C(=O)c1nnc2ccccc2c1N)c1ncc2CN(CCSCCn12)C,1.0,36,124.3,1,195.08301841600004,1.5285000000000002,CN1CCSCCn2c(cnc2NC(=O)c2nnc3ccccc3c2N)C1,383.15282929200004,1.8394,3,8,367
368,368,3,7602,N(C(=O)c1nnc2ccccc2c1N)c1ncc2CN(CC)C(c2c1)C(=O)C,1.0,39,125.5,1,188.094963004,2.0140000000000007,CCN1Cc2cnc(NC(=O)c3nnc4ccccc4c3N)cc2C1C(C)=O,376.16477388,2.3249000000000004,3,8,368
369,369,4,1651,N(C(=O)c1nnc2ccccc2c1N)c1ncc2OC(=O)N(CC)Cc2c1,1.0,34,27.7,1,176.05857749600003,1.8827000000000005,CCN1Cc2cc(NC(=O)c3nnc4ccccc4c3N)ncc2OC1=O,364.128388372,2.1936,3,9,369
370,370,2,7724,N(C(=O)c1nnc2ccccc2c1N)c1ncc2COC2Cc2c1COCO2,1.0,42,123.9,1,191.058243148,0.9742000000000004,Nc1c(C(=O)NC2=NC=C3COC3CC3=C2COCO3)nnc2ccccc12,379.12805402399994,1.2851000000000004,3,9,370
371,371,4,2270,N(C(=O)c1nnc2ccccc2c1N)c1ncc2CN(C(=O)Cc2c1)CC,1.0,40,35.9,1,174.07931294,1.4530000000000003,CCN1Cc2cnc(NC(=O)c3nnc4ccccc4c3N)cc2CC1=O,362.149123816,1.7639,3,8,371
372,372,2,3545,N(C(=O)c1nnc2ccccc2c1N)c1ncc2CN(C)CC=N\C=Cc2c1,1.0,39,58.1,1,185.09529735200007,2.0353000000000008,CN1CC=NC=Cc2cc(NC(=O)c3nnc4ccccc4c3N)ncc2C1,373.16510822800007,2.3462000000000005,3,8,372
373,373,3,8899,N(C(=O)c1nnc2ccccc2c1N)c1ncc2COC2Cc2c1N=CCN2,1.0,43,147.8,1,187.07456190800005,0.6014,Nc1c(C(=O)NC2=NC=C3COC3CC3=C2N=CCN3)nnc2ccccc12,375.14437278400004,0.9122999999999999,4,9,373
374,374,2,9842,N(C(=O)c1nnc2ccccc2c1N)c1ncc2CC(=O)N(C)CC=Nc2c1,1.0,43,155.0,1,187.07456190800005,1.2652,CN1CC=Nc2cc(NC(=O)c3nnc4ccccc4c3N)ncc2CC1=O,375.14437278400004,1.5760999999999998,3,9,374
375,375,3,2714,N(C(=O)c1nnc2ccccc2c1N)c1ncc2CN(CCN(C)Cc2c1)C,1.0,37,42.7,1,189.12659748000007,1.4255999999999998,CN1CCN(C)Cc2cc(NC(=O)c3nnc4ccccc4c3N)ncc2C1,377.19640835600006,1.7364999999999997,3,8,375
376,376,2,10004,N(C(=O)c1nnc2ccccc2c1N)c1ncc2CC(=O)N(CC)c2c1C,1.0,42,155.9,1,174.07931294,1.7658200000000002,CCN1C(=O)Cc2cnc(NC(=O)c3nnc4ccccc4c3N)c(C)c21,362.149123816,2.07672,3,8,376
377,377,1,7257,N(C(=O)c1nnc2ccccc2c1N)c1ncc2CN(C)C(=O)C(c2c1)C,1.0,42,131.1,1,174.07931294,1.6239,CC1C(=O)N(C)Cc2cnc(NC(=O)c3nnc4ccccc4c3N)cc21,362.149123816,1.9347999999999999,3,8,377
378,378,2,6776,N(C(=O)c1nnc2ccccc2c1N)c1ncc2COC2Cc2c1CCN2,1.0,41,112.2,1,174.07931294,0.9632000000000004,Nc1c(C(=O)NC2=NC=C3COC3CC3=C2CCN3)nnc2ccccc12,362.149123816,1.2741000000000002,4,8,378
379,379,2,1648,N(C(=O)c1nnc2ccccc2c1N)c1ncc2CC(=O)N(C)Cc2c1Cl,1.0,33,27.1,1,194.024690524,1.7163,CN1Cc2c(cnc(NC(=O)c3nnc4ccccc4c3N)c2Cl)CC1=O,382.0945014,2.0271999999999997,3,8,379
380,380,3,3270,N(C(=O)c1nnc2ccccc2c1N)c1ncc2CN(CCN2CCOCC1)C,1.0,39,54.4,1,207.13716216400005,0.5385000000000003,CN1CCN2CCOCCC(NC(=O)c3nnc4ccccc4c3N)=NC=C2C1,395.20697304000004,0.8494000000000002,3,9,380
381,381,2,5873,N(C(=O)c1nnc2ccccc2c1N)c1ncc2COC2Cc2c1N(C1CCOCC1)C2,1.0,42,96.5,1,244.121177752,1.4645,Nc1c(C(=O)NC2=NC=C3COC3CC3=C2N(C2CCOCC2)C3)nnc2ccccc12,432.19098862799996,1.7754,3,9,381
382,382,1,6987,N(C(=O)c1nnc2ccccc2c1N)c1ncc(c(n1)C(F)(F)F)OC,1.0,32,126.6,1,176.01974737600003,1.9708,COc1cnc(NC(=O)c2nnc3ccccc3c2N)nc1C(F)(F)F,364.089558252,2.2817,3,8,382
383,383,1,6627,N(C(=O)c1nnc2ccccc2c1N)c1ncc2CN(C)CC(F)(F)COc2c1,1.0,44,119.8,1,212.07611938,2.0079000000000007,CN1Cc2cnc(NC(=O)c3nnc4ccccc4c3N)cc2OCC(F)(F)C1,400.145930256,2.3188000000000004,3,8,383
384,384,2,5732,N(C(=O)c1nnc2ccccc2c1N)c1ncc2COC2Cc2c1C12CC1,1.0,41,94.6,1,171.068413908,1.8062000000000005,Nc1c(C(=O)NC2=NC=C3COC3CC3=C2C32CC2)nnc2ccccc12,359.138224784,2.1171,3,7,384
385,385,3,8556,N(C(=O)c1nnc2ccccc2c1N)c1ncc2COC2Cc2c1N=CCC2,1.0,42,142.6,1,186.07931294,1.834500000000001,Nc1c(C(=O)NC2=NC=C3COC3CC3=C2N=CCC3)nnc2ccccc12,374.149123816,2.1454000000000004,3,8,385
386,386,4,9763,N(C(=O)c1nnc2ccccc2c1N)c1ncc2CN(CC)C(C)(Cn12)C,1.0,40,155.4,1,177.12659748000007,1.964,CCN1Cc2cnc(NC(=O)c3nnc4ccccc4c3N)n2CC1(C)C,365.19640835600006,2.2748999999999997,3,8,386
387,387,2,11553,N(C(=O)c1nnc2ccccc2c1N)c1ncc2COC2Cc2c1CN2C(=O)C,1.0,42,179.3,1,202.07422756,0.8320000000000004,CC(=O)N1CC2=C1CC1OCC1=CN=C2NC(=O)c1nnc2ccccc2c1N,390.14403843599996,1.1429000000000002,3,9,387
388,388,2,5361,N(C(=O)c1nnc2ccccc2c1N)c1ncc2COC2Cc2c1N(C(=O)CN2C)C,1.0,40,87.6,1,231.100776656,0.3312000000000002,CN1CC(=O)N(C)C2=C1CC1OCC1=CN=C2NC(=O)c1nnc2ccccc2c1N,419.170587532,0.6421000000000001,3,10,388
389,389,2,7682,N(C(=O)c1nnc2ccccc2c1N)c1ncc2COC2Cc2c1CNC(=O)C2,1.0,42,123.5,1,202.07422756,0.5323000000000001,Nc1c(C(=O)NC2=NC=C3COC3CC3=C2CNC(=O)C3)nnc2ccccc12,390.14403843599996,0.8432,4,9,389
390,390,4,1384,N(C(=O)c1nnc2ccccc2c1N)c1ncc2CCSC=S3(=O)N(C)Cc3c12,1.0,34,25.7,1,238.02345494000005,1.2224000000000004,CN1CC2=C3C(=CN=C3NC(=O)c3nnc4ccccc4c3N)CCSC=S21=O,426.09326581600004,1.5333,3,8,390
391,391,2,4351,N(C(=O)c1nnc2ccccc2c1N)c1ncc2CN(C)CCOCc2c1F,1.0,40,73.6,1,194.085541192,1.6494999999999995,CN1CCOCc2c(cnc(NC(=O)c3nnc4ccccc4c3N)c2F)C1,382.155352068,1.9603999999999997,3,8,391
392,392,2,6789,N(C(=O)c1nnc2ccccc2c1N)c1ncc2COC2Cc2c1CC(=O)N2,1.0,41,112.2,1,188.058577496,0.4898000000000001,Nc1c(C(=O)NC2=NC=C3COC3CC3=C2CC(=O)N3)nnc2ccccc12,376.12838837199996,0.8007,4,9,392
393,393,4,2066,N(C(=O)c1nnc2ccccc2c1N)c1ncc2CCN(C(=O)N(C)C)CCc2c1,1.0,35,33.0,1,217.12151210000005,1.6305999999999994,CN(C)C(=O)N1CCc2cnc(NC(=O)c3nnc4ccccc4c3N)cc2CC1,405.19132297600004,1.9414999999999993,3,9,393
394,394,2,10878,N(C(=O)c1nnc2ccccc2c1N)c1ncc2COC2Cc2c1CCN2C,1.0,42,169.0,1,188.094963004,1.3054,CN1CCC2=C1CC1OCC1=CN=C2NC(=O)c1nnc2ccccc2c1N,376.16477388,1.6163,3,8,394
395,395,1,1700,N(C(=O)c1nnc2ccccc2c1N)c1ncc2CN(CCC(=O)c2c1C)C,1.0,36,31.8,1,188.094963004,1.8750200000000008,Cc1c(NC(=O)c2nnc3ccccc3c2N)ncc2c1C(=O)CCN(C)C2,376.16477388,2.1859200000000003,3,8,395
396,396,3,3215,N(C(=O)c1nnc2ccccc2c1N)c1ncc2CN(CCCC2CCOCC1)C(=O)C,1.0,37,54.2,1,248.15247788,1.982200000000001,CC(=O)N1CCCC2CCOCCC(NC(=O)c3nnc4ccccc4c3N)=NC=C2C1,436.22228875599995,2.293100000000001,3,9,396
397,397,2,8034,N(C(=O)c1nnc2ccccc2c1N)c1ncc2COC2Cc2c1NC12CC1,1.0,43,128.7,1,186.07931294,1.1057,Nc1c(C(=O)NC2=NC=C3COC3CC3=C2NC32CC2)nnc2ccccc12,374.149123816,1.4166,4,8,397
398,398,2,4093,N(C(=O)c1nnc2ccccc2c1N)c1ncc2CC(=O)N(CCC)Cc2c1,1.0,40,70.1,1,188.094963004,1.8431,CCCN1Cc2cc(NC(=O)c3nnc4ccccc4c3N)ncc2CC1=O,376.16477388,2.154,3,8,398
399,399,1,9963,N(C(=O)c1nnc2ccccc2c1N)c1ncc2CCN(C(=O)Cc2c1)C(C)C,1.0,41,176.6,1,202.110613068,1.884,CC(C)N1CCc2cnc(NC(=O)c3nnc4ccccc4c3N)cc2CC1=O,390.180423944,2.1948999999999996,3,8,399
400,400,1,7382,N(C(=O)c1nnc2ccccc2c1N)c1ncc2CN(C)CC=CN(C)Cc2c1,1.0,41,133.4,1,201.12659748000007,1.9393000000000007,CN1C=CCN(C)Cc2cnc(NC(=O)c3nnc4ccccc4c3N)cc2C1,389.19640835600006,2.2502000000000004,3,8,400
401,401,1,9214,N(C(=O)c1nnc2ccccc2c1N)c1ncc2CC(=O)N(CCCn12)C,1.0,41,165.3,1,177.09021197200005,0.7544999999999998,CN1CCCn2c(cnc2NC(=O)c2nnc3ccccc3c2N)CC1=O,365.16002284800004,1.0653999999999997,3,9,401
402,402,2,10931,N(C(=O)c1nnc2ccccc2c1N)c1ncc2COC2Cc2c1N(CCN(C)C)C2,1.0,43,170.5,1,231.13716216400005,0.8471000000000005,CN(C)CCN1CC2=C1C(NC(=O)c1nnc3ccccc3c1N)=NC=C1COC1C2,419.20697304000004,1.1580000000000004,3,9,402
403,403,1,8490,N(C(=O)c1nnc2ccccc2c1N)c1ncc2C(F)(C(F)(F)F)c2n1,1.0,37,155.3,1,175.99976088000005,2.0322,Nc1c(C(=O)Nc2ncc3c(n2)C3(F)C(F)(F)F)nnc2ccccc12,364.069571756,2.3430999999999997,3,7,403
404,404,4,8419,N(C(=O)c1nnc2ccccc2c1N)c1ncc2CN(C)C(=O)CC12C(C)(C)C,1.0,42,132.9,1,204.126263132,1.8215,CN1CC2=CN=C(NC(=O)c3nnc4ccccc4c3N)C2(C(C)(C)C)CC1=O,392.196074008,2.1323999999999996,3,8,404
405,405,3,10390,N(C(=O)c1nnc2ccccc2c1N)c1ncc2COC2CCc2c1CCO2,1.0,40,170.1,1,189.078978592,1.7803000000000004,Nc1c(C(=O)NC2=NC=C3COC3CCC3=C2CCO3)nnc2ccccc12,377.14878946799996,2.0912,3,8,405
406,406,4,1254,N(C(=O)c1nnc2ccccc2c1N)c1ncc2CN(CCN(C)c2c1)C,1.0,36,23.1,1,175.11094741600007,1.4300000000000002,CN1CCN(C)c2cc(NC(=O)c3nnc4ccccc4c3N)ncc2C1,363.18075829200006,1.7409,3,8,406
407,407,3,551,N(C(=O)c1nnc2ccccc2c1N)c1cn2CCS(=O)(=O)Cc2c1,1.0,29,8.5,1,169.019749464,0.8833000000000003,Nc1c(C(=O)Nc2cc3n(c2)CCS(=O)(=O)C3)nnc2ccccc12,357.08956034,1.1942000000000002,3,8,407
408,408,1,3307,N(C(=O)c1nnc2ccccc2c1N)c1ncc2CN(C)C(C)COc2c1,1.0,40,58.7,1,176.094963004,1.7611000000000003,CC1COc2cc(NC(=O)c3nnc4ccccc4c3N)ncc2CN1C,364.16477388,2.072,3,8,408
409,409,3,7682,N(C(=O)c1nnc2ccccc2c1N)c1ncc2COC2Cc2c1N(C(=O)CCC2)C,1.0,39,126.8,1,230.105527688,1.6122,CN1C(=O)CCCC2=C1C(NC(=O)c1nnc3ccccc3c1N)=NC=C1COC1C2,418.17533856399996,1.9231,3,9,409
410,410,3,1600,N(C(=O)c1nnc2ccccc2c1N)c1ncc2OCN(CC)Cc2c1C,1.0,36,22.4,1,176.09496300400005,2.0286200000000005,CCN1COc2cnc(NC(=O)c3nnc4ccccc4c3N)c(C)c2C1,364.16477388000004,2.3395200000000003,3,8,410
411,411,3,4377,N(C(=O)c1nnc2ccccc2c1N)c1ncc2CN(C(=O)C2)c2cc(ccc12)C,1.0,46,72.1,1,210.07931294,2.020320000000001,Cc1ccc2c(c1)N1CC(=CN=C2NC(=O)c2nnc3ccccc3c2N)CC1=O,398.149123816,2.331220000000001,3,8,411
412,412,3,10865,N(C(=O)c1nnc2ccccc2c1N)c1ncc2COC2Cc2c1n2CCCC,1.0,43,178.5,1,202.110613068,2.043100000000001,CCCCN1C2=C1C(NC(=O)c1nnc3ccccc3c1N)=NC=C1COC1C2,390.180423944,2.354000000000001,3,8,412
413,413,2,10937,N(C(=O)c1nnc2ccccc2c1N)c1ncc2COC2Cc2c1N(CCC)C2,1.0,43,170.5,1,202.110613068,1.6955000000000005,CCCN1CC2=C1C(NC(=O)c1nnc3ccccc3c1N)=NC=C1COC1C2,390.180423944,2.0064,3,8,413
414,414,1,5643,N(C(=O)c1nnc2ccccc2c1N)c1ncc2CC(=O)CC12CCN(C(C)=O)C,1.0,38,101.8,1,218.105527688,1.1446,CC(=O)N(C)CCC12CC(=O)CC1=CN=C2NC(=O)c1nnc2ccccc2c1N,406.17533856399996,1.4555,3,9,414
415,415,3,10385,N(C(=O)c1nnc2ccccc2c1N)c1ncc2COC2CCc2c1OCOC2,1.0,40,170.1,1,205.073893212,1.3643,Nc1c(C(=O)NC2=NC=C3COC3CCC3=C2OCOC3)nnc2ccccc12,393.14370408799994,1.6752,3,9,415
416,416,2,11372,N(C(=O)c1nnc2ccccc2c1N)c1ncc2COC2Cc2c1cn(c2)OC,1.0,45,176.5,1,202.07422756,0.7764000000000005,COn1cc2c(c1)C(NC(=O)c1nnc3ccccc3c1N)=NC=C1COC1C2,390.14403843599996,1.0873000000000004,3,9,416
417,417,4,8792,N(C(=O)c1nnc2ccccc2c1N)c1ncc2CN(CC)OCC=N\Cc2c1,1.0,41,140.4,1,203.10586203600005,1.8863,CCN1Cc2cnc(NC(=O)c3nnc4ccccc4c3N)cc2CN=CCO1,391.17567291200004,2.1971999999999996,3,9,417
418,418,2,5662,N(C(=O)c1nnc2ccccc2c1N)c1ncc2COC2Cc2c1OCCOC2,1.0,40,93.3,1,205.073893212,1.0167000000000006,Nc1c(C(=O)NC2=NC=C3COC3CC3=C2OCCOC3)nnc2ccccc12,393.14370408799994,1.3276000000000003,3,9,418
419,419,1,5647,N(C(=O)c1nnc2ccccc2c1N)c1ncc2CC(=O)CCCCc2n1,1.0,38,101.8,1,174.07931294,1.7814,Nc1c(C(=O)Nc2ncc3c(n2)CCCCC(=O)C3)nnc2ccccc12,362.149123816,2.0923,3,8,419
420,420,4,4407,N(C(=O)c1nnc2ccccc2c1N)c1ncc2CCNCCC12COCCC,1.0,37,68.9,1,206.141913196,1.7233,CCCOCC12CCNCCC1=CN=C2NC(=O)c1nnc2ccccc2c1N,394.211724072,2.0342,4,8,420
421,421,3,9582,N(C(=O)c1nnc2ccccc2c1N)c1ncc2COC2Cc2c1CNC(C)(C)C2,1.0,42,156.3,1,216.126263132,1.7843000000000004,CC1(C)CC2=C(CN1)C(NC(=O)c1nnc3ccccc3c1N)=NC=C1COC1C2,404.196074008,2.0952,4,8,421
422,422,2,11390,N(C(=O)c1nnc2ccccc2c1N)c1ncc2COC2Cc2c1cn(c2)OCC,1.0,45,176.5,1,216.089877624,1.1665,CCOn1cc2c(c1)C(NC(=O)c1nnc3ccccc3c1N)=NC=C1COC1C2,404.15968849999996,1.4774,3,9,422
423,423,3,10218,N(C(=O)c1nnc2ccccc2c1N)c1ncc2OCN(C)CCCnc21,1.0,38,167.3,1,177.0902119720001,0.6350000000000001,CN1CCCN=C2C(=CN=C2NC(=O)c2nnc3ccccc3c2N)OC1,365.1600228480001,0.9459,3,9,423
424,424,1,9231,N(C(=O)c1nnc2ccccc2c1N)c1ncc2CC(=O)N(c2c1)CC1CC1,1.0,41,165.3,1,186.07931294,1.8475000000000008,Nc1c(C(=O)Nc2cc3c(cn2)CC(=O)N3CC2CC2)nnc2ccccc12,374.149123816,2.1584000000000003,3,8,424
425,425,1,2976,N(C(=O)c1nnc2ccccc2c1N)c1ncc2CN(C)CC(C)(C)c2n1,1.0,38,53.5,1,175.11094741600007,1.6664,CN1Cc2cnc(NC(=O)c3nnc4ccccc4c3N)nc2C(C)(C)C1,363.18075829200006,1.9772999999999998,3,8,425
426,426,3,10022,N(C(=O)c1nnc2ccccc2c1N)c1ncc2COC2Cc2c1C(C2)COC,1.0,42,163.1,1,203.094628656,1.6787000000000003,COCC1CC2=C1C(NC(=O)c1nnc3ccccc3c1N)=NC=C1COC1C2,391.16443953199996,1.9896000000000003,3,8,426
427,427,2,5853,N(C(=O)c1nnc2ccccc2c1N)c1ncc2COC2Cc2c1N(C(=O)CC2)C(C)C,1.0,42,96.5,1,244.121177752,2.0007000000000006,CC(C)N1C(=O)CCC2=C1C(NC(=O)c1nnc3ccccc3c1N)=NC=C1COC1C2,432.19098862799996,2.3116000000000003,3,9,427
428,428,3,2438,N(C(=O)c1nnc2ccccc2c1N)c1ncc2CN(CCN2C(C)C)CC1,1.0,39,38.7,1,191.14224754400007,1.3005,CC(C)N1CCN2CCC(NC(=O)c3nnc4ccccc4c3N)=NC=C1C2,379.21205842000006,1.6113999999999997,3,8,428
429,429,3,2725,N(C(=O)c1nnc2ccccc2c1N)c1ncc2CN(CCN(CC)Cc2c1)C,1.0,38,42.9,1,203.14224754400007,1.8157,CCN1CCN(C)Cc2cnc(NC(=O)c3nnc4ccccc4c3N)cc2C1,391.21205842000006,2.1266,3,8,429
430,430,2,10875,N(C(=O)c1nnc2ccccc2c1N)c1ncc2COC2Cc2c1CCN(C(C)=O)C2,1.0,42,169.0,1,230.105527688,1.2646000000000006,CC(=O)N1CCC2=C(CC3OCC3=CN=C2NC(=O)c2nnc3ccccc3c2N)C1,418.17533856399996,1.5755000000000003,3,9,430
431,431,1,8875,N(C(=O)c1nnc2ccccc2c1N)c1ncc2CCN(Cc2c1)CCOC,1.0,37,160.1,1,190.110613068,1.5528999999999995,COCCN1CCc2cnc(NC(=O)c3nnc4ccccc4c3N)cc2C1,378.180423944,1.8637999999999997,3,8,431
432,432,2,5252,N(C(=O)c1nnc2ccccc2c1N)c1ncc2COC2Cc2c1cccc2,1.0,39,85.3,1,183.068413908,1.9165000000000003,Nc1c(C(=O)NC2=NC=C3COC3Cc3ccccc32)nnc2ccccc12,371.138224784,2.2274000000000003,3,7,432
433,433,3,3556,N(C(=O)c1nnc2ccccc2c1N)c1ncc2CN(C(=O)C2)c2c(cccc12)C,1.0,44,59.1,1,210.07931294,2.020320000000001,Cc1cccc2c1N1CC(=CN=C2NC(=O)c2nnc3ccccc3c2N)CC1=O,398.149123816,2.331220000000001,3,8,433
434,434,2,4613,N(C(=O)c1nnc2ccccc2c1N)c1ncc2CCN(C)CC(c/c12)C,1.0,40,76.2,1,174.11569844800002,1.8249000000000009,CC1C=C2C(=CN=C2NC(=O)c2nnc3ccccc3c2N)CCN(C)C1,362.185509324,2.1358000000000006,3,7,434
435,435,2,10830,N(C(=O)c1nnc2ccccc2c1N)c1ncc2COC2(CC1)Cn1cc(C)nc1C,1.0,38,168.7,1,229.12151210000005,1.989640000000001,Cc1cn(CC23CCC(NC(=O)c4nnc5ccccc5c4N)=NC=C2CO3)c(C)n1,417.19132297600004,2.3005400000000007,3,9,435
436,436,2,6570,N(C(=O)c1nnc2ccccc2c1N)c1ncc2COC2CCOCC1=O,1.0,39,108.7,1,179.05824314799997,0.3015000000000002,Nc1c(C(=O)NC2=NC=C3COC3CCOCC2=O)nnc2ccccc12,367.12805402399994,0.6124,3,9,436
437,437,2,6756,N(C(=O)c1nnc2ccccc2c1N)c1ncc2COC2Cc2c1c(c(C)n2C)C,1.0,42,111.8,1,214.110613068,1.87184,Cc1c2c(n(C)c1C)CC1OCC1=CN=C2NC(=O)c1nnc2ccccc2c1N,402.180423944,2.18274,3,8,437
438,438,2,8821,N(C(=O)c1nnc2ccccc2c1N)c1ncc2COC2Cc2c1N(C2=O)C,1.0,43,141.2,1,188.058577496,0.4419,CN1C(=O)C2=C1C(NC(=O)c1nnc3ccccc3c1N)=NC=C1COC1C2,376.12838837199996,0.7527999999999999,3,9,438
439,439,3,6444,N(C(=O)c1nnc2ccccc2c1N)c1ncc2C(C(F)(CO)Cc2c1)C,1.0,38,106.9,1,179.07464215999997,1.9086000000000003,CC1c2cnc(NC(=O)c3nnc4ccccc4c3N)cc2CC1(F)CO,367.14445303599996,2.2195,4,7,439
440,440,4,7554,N(C(=O)c1nnc2ccccc2c1N)c1nc(OCC)cc2c1CCOC2,1.0,34,118.1,1,177.07897859200003,2.0198000000000005,CCOc1cc2c(c(NC(=O)c3nnc4ccccc4c3N)n1)CCOC2,365.148789468,2.3307,3,8,440
441,441,3,9095,N(C(=O)c1nnc2ccccc2c1N)c1ncc2COC2Cc2c1N(C1CCC1)C2,1.0,43,151.7,1,214.110613068,1.8380000000000003,Nc1c(C(=O)NC2=NC=C3COC3CC3=C2N(C2CCC2)C3)nnc2ccccc12,402.180423944,2.1489000000000003,3,8,441
442,442,4,7382,N(C(=O)c1nnc2ccccc2c1N)c1nc(OC(F)F)n(C(C)C)n1,1.0,38,115.3,1,175.0557182840001,1.9272000000000005,CC(C)n1nc(NC(=O)c2nnc3ccccc3c2N)nc1OC(F)F,363.1255291600001,2.2381,3,9,442
443,443,2,11448,N(C(=O)c1nnc2ccccc2c1N)c1ncc2COC2Cc2c1CCCO2,1.0,42,177.4,1,189.078978592,1.7803000000000004,Nc1c(C(=O)NC2=NC=C3COC3CC3=C2CCCO3)nnc2ccccc12,377.14878946799996,2.0912,3,8,443
444,444,2,6801,N(C(=O)c1nnc2ccccc2c1N)c1ncc2COC2Cc2c1OC(C2)C,1.0,43,112.9,1,189.078978592,1.7787000000000006,CC1CC2=C(O1)C(NC(=O)c1nnc3ccccc3c1N)=NC=C1COC1C2,377.14878946799996,2.0896000000000003,3,8,444
445,445,1,4768,N(C(=O)c1nnc2ccccc2c1N)c1ncc2CN(C(=O)c2c1C)CC,1.0,42,85.9,1,174.07931294,1.83252,CCN1Cc2cnc(NC(=O)c3nnc4ccccc4c3N)c(C)c2C1=O,362.149123816,2.14342,3,8,445
446,446,3,8717,N(C(=O)c1nnc2ccccc2c1N)c1ncc2COC2Cc2c1OC(N(C)C)C2,1.0,43,144.8,1,218.105527688,1.2779000000000007,CN(C)C1CC2=C(O1)C(NC(=O)c1nnc3ccccc3c1N)=NC=C1COC1C2,406.17533856399996,1.5888000000000004,3,9,446
447,447,1,3317,N(C(=O)c1nnc2ccccc2c1N)c1ncc2CN(C)C(C)CC(=O)c2c1,1.0,40,58.7,1,188.094963004,1.9551000000000005,CC1CC(=O)c2cc(NC(=O)c3nnc4ccccc4c3N)ncc2CN1C,376.16477388,2.266,3,8,447
448,448,2,6343,N(C(=O)c1nnc2ccccc2c1N)c1ncc2COC2Cc2c1NC12CCCC1,1.0,42,104.0,1,214.110613068,1.8859000000000008,Nc1c(C(=O)NC2=NC=C3COC3CC3=C2NC32CCCC2)nnc2ccccc12,402.180423944,2.1968000000000005,4,8,448
449,449,2,4252,N(C(=O)c1nnc2ccccc2c1N)c1ncc2CN(C)C(C)CCc2n1,1.0,40,73.3,1,175.11094741600007,1.7099000000000002,CC1CCc2nc(NC(=O)c3nnc4ccccc4c3N)ncc2CN1C,363.18075829200006,2.0208,3,8,449
450,450,2,6690,N(C(=O)c1nnc2ccccc2c1N)c1ncc2COC2Cc2c1N=NCC2,1.0,43,110.8,1,187.07456190800005,1.8258000000000003,Nc1c(C(=O)NC2=NC=C3COC3CC3=C2N=NCC3)nnc2ccccc12,375.14437278400004,2.1367000000000003,3,9,450
451,451,3,5426,N(C(=O)c1nnc2ccccc2c1N)c1ncc2C(COCS2(=O)=O)C1,1.0,36,90.3,1,185.01466408399992,0.2932000000000004,Nc1c(C(=O)NC2=NC=C3C(COCS3(=O)=O)C2)nnc2ccccc12,373.0844749599999,0.6041000000000003,3,9,451
452,452,1,7447,N(C(=O)c1nnc2ccccc2c1N)c1ncc2CN(C)CCCOCc2c1,1.0,39,134.5,1,190.110613068,1.9005,CN1CCCOCc2cc(NC(=O)c3nnc4ccccc4c3N)ncc2C1,378.180423944,2.2113999999999994,3,8,452
453,453,2,5784,N(C(=O)c1nnc2ccccc2c1N)c1ncc2COC2Cc2c1CN2CC,1.0,41,95.1,1,188.094963004,1.3054,CCN1CC2=C1CC1OCC1=CN=C2NC(=O)c1nnc2ccccc2c1N,376.16477388,1.6163,3,8,453
454,454,2,4630,N(C(=O)c1nnc2ccccc2c1N)c1ncc2CCN(C)CC=Nc2c1,1.0,40,77.3,1,173.09529735200007,1.7386000000000004,CN1CC=Nc2cc(NC(=O)c3nnc4ccccc4c3N)ncc2CC1,361.16510822800007,2.0495,3,8,454
455,455,1,8843,N(C(=O)c1nnc2ccccc2c1N)c1ncc2CCN(C(=O)C)Cc2c1,1.0,37,159.2,1,174.07931294,1.4530000000000003,CC(=O)N1CCc2cnc(NC(=O)c3nnc4ccccc4c3N)cc2C1,362.149123816,1.7639,3,8,455
456,456,3,2139,N(C(=O)c1nnc2ccccc2c1N)c1ncc2OCCN(CC)CCc2c1,1.0,37,33.1,1,190.11061306800005,1.8052,CCN1CCOc2cnc(NC(=O)c3nnc4ccccc4c3N)cc2CC1,378.18042394400004,2.1160999999999994,3,8,456
457,457,2,5374,N(C(=O)c1nnc2ccccc2c1N)c1ncc2COC2Cc2c1C(=O)OCC2,1.0,40,88.1,1,203.058243148,0.9593000000000002,Nc1c(C(=O)NC2=NC=C3COC3CC3=C2C(=O)OCC3)nnc2ccccc12,391.12805402399994,1.2702,3,9,457
458,458,2,5336,N(C(=O)c1nnc2ccccc2c1N)c1ncc2COC2(CC(C)(C)O)CC1,1.0,37,87.2,1,193.11027872,1.6371000000000002,CC(C)(O)CC12CCC(NC(=O)c3nnc4ccccc4c3N)=NC=C1CO2,381.18008959599996,1.9480000000000002,4,8,458
459,459,1,4398,N(C(=O)c1nnc2ccccc2c1N)c1ncc2C(=O)N(Cc2c1CC)C,1.0,43,78.4,1,174.07931294,1.6964,CCc1c(NC(=O)c2nnc3ccccc3c2N)ncc2c1CN(C)C2=O,362.149123816,2.0073,3,8,459
460,460,1,1701,N(C(=O)c1nnc2ccccc2c1N)c1ncc2CN(CCC)CCc2n1,1.0,36,31.8,1,175.11094741600007,1.7115,CCCN1CCc2nc(NC(=O)c3nnc4ccccc4c3N)ncc2C1,363.18075829200006,2.0223999999999998,3,8,460
461,461,2,8910,N(C(=O)c1nnc2ccccc2c1N)c1ncc2CN(CC)C2CCN(C)C1,1.0,39,142.3,1,191.14224754400007,0.9529000000000004,CCN1CC2=CN=C(NC(=O)c3nnc4ccccc4c3N)CN(C)CCC21,379.21205842000006,1.2638000000000003,3,8,461
462,462,3,9608,N(C(=O)c1nnc2ccccc2c1N)c1ncc2COC2Cc2c1C(N2)=O,1.0,43,156.5,1,174.04292743199997,0.0997000000000002,Nc1c(C(=O)NC2=NC=C3COC3CC3=C2C(=O)N3)nnc2ccccc12,362.11273830799996,0.41060000000000013,4,9,462
463,463,1,700,N(C(=O)c1nnc2ccccc2c1N)c1ncc2CN(CCc2n1)C(C)C,1.0,33,12.9,1,175.11094741600007,1.7099000000000002,CC(C)N1CCc2nc(NC(=O)c3nnc4ccccc4c3N)ncc2C1,363.18075829200006,2.0208,3,8,463
464,464,2,2819,N(C(=O)c1nnc2ccccc2c1N)c1ncc2CCN(Cc2n1)C(C)C,1.0,36,46.7,1,175.11094741600007,1.7099000000000002,CC(C)N1CCc2cnc(NC(=O)c3nnc4ccccc4c3N)nc2C1,363.18075829200006,2.0208,3,8,464
465,465,3,8858,N(C(=O)c1nnc2ccccc2c1N)c1ncc2COC2Cc2cc(CCC)nn12,1.0,42,147.2,1,215.10586203600005,1.523,CCCc1cc2n(n1)C(NC(=O)c1nnc3ccccc3c1N)=NC=C1COC1C2,403.17567291200004,1.8338999999999999,3,9,465
466,466,3,8722,N(C(=O)c1nnc2ccccc2c1N)c1ncc2COC2Cc2c1OC(N2)CC,1.0,43,144.8,1,204.089877624,1.2833,CCC1NC2=C(O1)C(NC(=O)c1nnc3ccccc3c1N)=NC=C1COC1C2,392.15968849999996,1.5942,4,9,466
467,467,2,9705,N(C(=O)c1nnc2ccccc2c1N)c1ncc2CC(=O)N(CC)CCc2c1C,1.0,41,153.1,1,202.110613068,1.80392,CCN1CCc2c(cnc(NC(=O)c3nnc4ccccc4c3N)c2C)CC1=O,390.180423944,2.11482,3,8,467
468,468,1,5299,N(C(=O)c1nnc2ccccc2c1N)c1ncc2CC(=O)N(CC)Cc2c1,1.0,39,95.2,1,174.07931294,1.4530000000000003,CCN1Cc2cc(NC(=O)c3nnc4ccccc4c3N)ncc2CC1=O,362.149123816,1.7639,3,8,468
469,469,4,10144,N(C(=O)c1nnc2ccccc2c1N)c1ncc2CN(CC)OCC=N\C2(CC(C)C)C1=O,1.0,43,160.3,1,261.14772684800005,1.6187999999999998,CCN1CC2=CN=C(NC(=O)c3nnc4ccccc4c3N)C(=O)C2(CC(C)C)N=CCO1,449.217537724,1.9296999999999997,3,10,469
470,470,2,4459,N(C(=O)c1nnc2ccccc2c1N)c1ncc2CCN(C)CCC12C(=O)C,1.0,39,74.6,1,190.110613068,1.2279000000000004,CC(=O)C12CCN(C)CCC1=CN=C2NC(=O)c1nnc2ccccc2c1N,378.180423944,1.5388000000000004,3,8,470
471,471,3,8197,N(C(=O)c1nnc2ccccc2c1N)c1ncc2COC2Cc2c1N(C(=O)CC2)C,1.0,41,135.6,1,216.089877624,1.2221000000000002,CN1C(=O)CCC2=C1C(NC(=O)c1nnc3ccccc3c1N)=NC=C1COC1C2,404.15968849999996,1.533,3,9,471
472,472,2,3160,N(C(=O)c1nnc2ccccc2c1N)c1ncc2COC2Cc2c1OCCO2,1.0,36,51.5,1,191.058243148,0.9742000000000004,Nc1c(C(=O)NC2=NC=C3COC3CC3=C2OCCO3)nnc2ccccc12,379.12805402399994,1.2851000000000004,3,9,472
473,473,1,5852,N(C(=O)c1nnc2ccccc2c1N)c1ncc2COC(C)COC2(C)C1,1.0,39,105.5,1,179.09462865599997,1.511,CC1COC2(C)CC(NC(=O)c3nnc4ccccc4c3N)=NC=C2CO1,367.16443953199996,1.8218999999999999,3,8,473
474,474,4,2396,N(C(=O)c1nnc2ccccc2c1N)c1ncc2CN(C(=O)c2c1)CC1CC1,1.0,42,38.3,1,186.07931294,1.9142000000000008,Nc1c(C(=O)Nc2cc3c(cn2)CN(CC2CC2)C3=O)nnc2ccccc12,374.149123816,2.2251000000000003,3,8,474
475,475,3,5019,N(C(=O)c1nnc2ccccc2c1N)c1ncc2C(COCCCc2n1)C,1.0,35,81.8,1,176.094963004,2.0097,CC1COCCCc2nc(NC(=O)c3nnc4ccccc4c3N)ncc21,364.16477388,2.3205999999999998,3,8,475
476,476,4,4153,N(C(=O)c1nnc2ccccc2c1N)c1ncc2OCOCCc2c1CC,1.0,36,64.9,1,177.07897859200003,2.0198000000000005,CCc1c(NC(=O)c2nnc3ccccc3c2N)ncc2c1CCOCO2,365.148789468,2.3307,3,8,476
477,477,4,6580,N(C(=O)c1nnc2ccccc2c1N)c1ncc2CN(C)C(=O)CC=Nc2c1,1.0,41,103.4,1,187.07456190800005,1.6128,CN1Cc2cnc(NC(=O)c3nnc4ccccc4c3N)cc2N=CCC1=O,375.14437278400004,1.9237,3,9,477
478,478,4,2303,N(C(=O)c1nnc2ccccc2c1N)c1ncc2CN(C(=O)Cc2c1)C(C)C,1.0,41,36.6,1,188.094963004,1.8415000000000004,CC(C)N1Cc2cnc(NC(=O)c3nnc4ccccc4c3N)cc2CC1=O,376.16477388,2.1524,3,8,478
479,479,2,11379,N(C(=O)c1nnc2ccccc2c1N)c1ncc2COC2Cc2c1cn(c2)N1CCCC1,1.0,45,176.5,1,241.12151210000005,1.4498000000000002,Nc1c(C(=O)NC2=NC=C3COC3Cc3cn(N4CCCC4)cc32)nnc2ccccc12,429.19132297600004,1.7607,3,9,479
480,480,1,5856,N(C(=O)c1nnc2ccccc2c1N)c1ncc2COC(C)COCCc2c1,1.0,39,105.5,1,191.094628656,2.0262000000000007,CC1COCCc2cc(NC(=O)c3nnc4ccccc4c3N)ncc2CO1,379.16443953199996,2.3371000000000004,3,8,480
481,481,3,7923,N(C(=O)c1nnc2ccccc2c1N)c1ncc2COC2Cc2c1OC(=O)CC2,1.0,41,131.2,1,203.058243148,1.3069000000000002,Nc1c(C(=O)NC2=NC=C3COC3CC3=C2OC(=O)CC3)nnc2ccccc12,391.12805402399994,1.6178000000000001,3,9,481
482,482,2,7427,N(C(=O)c1nnc2ccccc2c1N)c1ncc2CCN(Cc2c1)CC(=O)C,1.0,41,120.2,1,188.094963004,1.4955000000000005,CC(=O)CN1CCc2cnc(NC(=O)c3nnc4ccccc4c3N)cc2C1,376.16477388,1.8064,3,8,482
483,483,2,7713,N(C(=O)c1nnc2ccccc2c1N)c1ncc2COC2Cc2c1OC(C2=O)(C)C,1.0,44,123.7,1,217.073893212,1.3478000000000003,CC1(C)OC2=C(CC3OCC3=CN=C2NC(=O)c2nnc3ccccc3c2N)C1=O,405.14370408799994,1.6587000000000003,3,9,483
484,484,1,6648,N(C(=O)c1nnc2ccccc2c1N)c1ncc2CN(C)CC(F)(F)CC12,1.0,44,119.8,1,184.08120476,1.5139000000000005,CN1CC2=CN=C(NC(=O)c3nnc4ccccc4c3N)C2CC(F)(F)C1,372.151015636,1.8248000000000004,3,7,484
485,485,4,6059,N(C(=O)c1nnc2ccccc2c1N)c1ncc2CN(CC)OCCC2(C)C1,1.0,40,95.2,1,192.126263132,1.9805000000000008,CCN1CC2=CN=C(NC(=O)c3nnc4ccccc4c3N)CC2(C)CCO1,380.196074008,2.2914000000000003,3,8,485
486,486,3,7274,N(C(=O)c1nnc2ccccc2c1N)c1ncc2CN(C(=O)C2)c2cccc(F)c21,1.0,48,121.2,1,214.054241064,1.8510000000000004,Nc1c(C(=O)NC2=NC=C3CC(=O)N(C3)c3cccc(F)c32)nnc2ccccc12,402.12405194,2.1619,3,8,486
487,487,2,11336,N(C(=O)c1nnc2ccccc2c1N)c1ncc2OCOC2(COC)C1(C)C,1.0,42,175.9,1,195.089543276,1.3001,COCC12OCOC1=CN=C(NC(=O)c1nnc3ccccc3c1N)C2(C)C,383.159354152,1.6109999999999998,3,9,487
488,488,1,8920,N(C(=O)c1nnc2ccccc2c1N)c1ncc2CCN(C(=O)N(C)Cc2c1)C,1.0,40,161.0,1,203.10586203600005,1.5880999999999998,CN1CCc2cnc(NC(=O)c3nnc4ccccc4c3N)cc2CN(C)C1=O,391.17567291200004,1.8989999999999998,3,9,488
489,489,2,3753,N(C(=O)c1nnc2ccccc2c1N)c1ncc2OCOCC(F)(F)c2c1,1.0,36,62.2,1,185.02883484000003,2.0067,Nc1c(C(=O)Nc2cc3c(cn2)OCOCC3(F)F)nnc2ccccc12,373.098645716,2.3175999999999997,3,8,489
490,490,4,8746,N(C(=O)c1nnc2ccccc2c1N)c1ncc2CN(C)CC=N\c2c1OC,1.0,40,139.2,1,189.09021197200005,1.7047000000000003,COc1c(NC(=O)c2nnc3ccccc3c2N)ncc2c1N=CCN(C)C2,377.16002284800004,2.0156,3,9,490
491,491,3,10015,N(C(=O)c1nnc2ccccc2c1N)c1ncc2COC2Cc2c1C(C2(C)C)N,1.0,42,163.1,1,202.110613068,1.3795000000000002,CC1(C)C2=C(C(NC(=O)c3nnc4ccccc4c3N)=NC=C3COC3C2)C1N,390.180423944,1.6904000000000001,5,8,491
492,492,2,9323,N(C(=O)c1nnc2ccccc2c1N)c1ncc2COC(C)CC(F)(F)C12,1.0,39,148.1,1,185.065220348,1.987200000000001,CC1CC(F)(F)C2C(=CN=C2NC(=O)c2nnc3ccccc3c2N)CO1,373.135031224,2.2981000000000007,3,7,492
493,493,2,5212,N(C(=O)c1nnc2ccccc2c1N)c1ncc2COC2Cc2c1OCCC2,1.0,38,84.7,1,189.078978592,1.7803000000000004,Nc1c(C(=O)NC2=NC=C3COC3CC3=C2OCCC3)nnc2ccccc12,377.14878946799996,2.0912,3,8,493
494,494,2,5720,N(C(=O)c1nnc2ccccc2c1N)c1ncc2COC2Cc2c1NC(=O)C2(C)C,1.0,41,94.2,1,216.089877624,1.1259,CC1(C)C(=O)NC2=C1CC1OCC1=CN=C2NC(=O)c1nnc2ccccc2c1N,404.15968849999996,1.4368,4,9,494
495,495,2,10516,N(C(=O)c1nnc2ccccc2c1N)c1ncc2CCN(C)CC=NCCc2c1,1.0,42,164.1,1,201.12659748000007,1.6495999999999995,CN1CC=NCCc2cc(NC(=O)c3nnc4ccccc4c3N)ncc2CC1,389.19640835600006,1.9604999999999995,3,8,495
496,496,2,6700,N(C(=O)c1nnc2ccccc2c1N)c1ncc2COC2Cc2c1NCC(C)(C)C2,1.0,42,111.5,1,216.126263132,1.9894000000000005,CC1(C)CNC2=C(CC3OCC3=CN=C2NC(=O)c2nnc3ccccc3c2N)C1,404.196074008,2.3003,4,8,496
497,497,3,8881,N(C(=O)c1nnc2ccccc2c1N)c1ncc2COC2Cc2c1N=CCO2,1.0,43,147.8,1,188.058577496,1.0284000000000004,Nc1c(C(=O)NC2=NC=C3COC3CC3=C2N=CCO3)nnc2ccccc12,376.12838837199996,1.3393000000000002,3,9,497
498,498,1,7191,N(C(=O)c1nnc2ccccc2c1N)c1ncc2CN(C)C(C)COCc2c1,1.0,41,130.2,1,190.110613068,1.8989,CC1COCc2cc(NC(=O)c3nnc4ccccc4c3N)ncc2CN1C,378.180423944,2.2097999999999995,3,8,498
499,499,4,9461,N(C(=O)c1nnc2ccccc2c1N)c1ncc2CN(CCN2CCCC1)Cl,1.0,41,150.1,1,211.08762512800004,1.8261000000000007,Nc1c(C(=O)NC2=NC=C3CN(Cl)CCN3CCCC2)nnc2ccccc12,399.15743600400003,2.1370000000000005,3,8,499
